{
    "confidence_score": 0.41782137751579285,
    "ptm": 0.31928542256355286,
    "iptm": 0.0,
    "ligand_iptm": 0.0,
    "protein_iptm": 0.0,
    "complex_plddt": 0.44245532155036926,
    "complex_iplddt": 0.44245532155036926,
    "complex_pde": 2.070291757583618,
    "complex_ipde": 0.0,
    "chains_ptm": {
        "0": 0.31928542256355286
    },
    "pair_chains_iptm": {
        "0": {
            "0": 0.31928542256355286
        }
    }
}