{
    "confidence_score": 0.45497632026672363,
    "ptm": 0.35536783933639526,
    "iptm": 0.0,
    "ligand_iptm": 0.0,
    "protein_iptm": 0.0,
    "complex_plddt": 0.4798784554004669,
    "complex_iplddt": 0.4798784554004669,
    "complex_pde": 2.1764020919799805,
    "complex_ipde": 0.0,
    "chains_ptm": {
        "0": 0.35536783933639526
    },
    "pair_chains_iptm": {
        "0": {
            "0": 0.35536783933639526
        }
    }
}