{
    "confidence_score": 0.45719048380851746,
    "ptm": 0.32466697692871094,
    "iptm": 0.0,
    "ligand_iptm": 0.0,
    "protein_iptm": 0.0,
    "complex_plddt": 0.4903213381767273,
    "complex_iplddt": 0.4903213381767273,
    "complex_pde": 2.1330509185791016,
    "complex_ipde": 0.0,
    "chains_ptm": {
        "0": 0.32466697692871094
    },
    "pair_chains_iptm": {
        "0": {
            "0": 0.32466697692871094
        }
    }
}