{
    "confidence_score": 0.44874483346939087,
    "ptm": 0.3114742934703827,
    "iptm": 0.0,
    "ligand_iptm": 0.0,
    "protein_iptm": 0.0,
    "complex_plddt": 0.4830624461174011,
    "complex_iplddt": 0.4830624461174011,
    "complex_pde": 2.1439993381500244,
    "complex_ipde": 0.0,
    "chains_ptm": {
        "0": 0.3114742934703827
    },
    "pair_chains_iptm": {
        "0": {
            "0": 0.3114742934703827
        }
    }
}