{
    "confidence_score": 0.4605932831764221,
    "ptm": 0.3119562268257141,
    "iptm": 0.0,
    "ligand_iptm": 0.0,
    "protein_iptm": 0.0,
    "complex_plddt": 0.4977525472640991,
    "complex_iplddt": 0.4977525472640991,
    "complex_pde": 2.1427927017211914,
    "complex_ipde": 0.0,
    "chains_ptm": {
        "0": 0.3119562268257141
    },
    "pair_chains_iptm": {
        "0": {
            "0": 0.3119562268257141
        }
    }
}