{
    "confidence_score": 0.5013867020606995,
    "ptm": 0.38489508628845215,
    "iptm": 0.0,
    "ligand_iptm": 0.0,
    "protein_iptm": 0.0,
    "complex_plddt": 0.5305095911026001,
    "complex_iplddt": 0.5305095911026001,
    "complex_pde": 2.531811475753784,
    "complex_ipde": 0.0,
    "chains_ptm": {
        "0": 0.38489508628845215
    },
    "pair_chains_iptm": {
        "0": {
            "0": 0.38489508628845215
        }
    }
}