{
    "confidence_score": 0.4932222068309784,
    "ptm": 0.4103720188140869,
    "iptm": 0.0,
    "ligand_iptm": 0.0,
    "protein_iptm": 0.0,
    "complex_plddt": 0.5139347314834595,
    "complex_iplddt": 0.5139347314834595,
    "complex_pde": 2.1522674560546875,
    "complex_ipde": 0.0,
    "chains_ptm": {
        "0": 0.4103720188140869
    },
    "pair_chains_iptm": {
        "0": {
            "0": 0.4103720188140869
        }
    }
}