{
    "confidence_score": 0.49198564887046814,
    "ptm": 0.41474631428718567,
    "iptm": 0.0,
    "ligand_iptm": 0.0,
    "protein_iptm": 0.0,
    "complex_plddt": 0.51129549741745,
    "complex_iplddt": 0.51129549741745,
    "complex_pde": 2.2225005626678467,
    "complex_ipde": 0.0,
    "chains_ptm": {
        "0": 0.41474631428718567
    },
    "pair_chains_iptm": {
        "0": {
            "0": 0.41474631428718567
        }
    }
}