{
    "confidence_score": 0.5383976697921753,
    "ptm": 0.5112130641937256,
    "iptm": 0.0,
    "ligand_iptm": 0.0,
    "protein_iptm": 0.0,
    "complex_plddt": 0.5451937913894653,
    "complex_iplddt": 0.5451937913894653,
    "complex_pde": 1.7823232412338257,
    "complex_ipde": 0.0,
    "chains_ptm": {
        "0": 0.5112130641937256
    },
    "pair_chains_iptm": {
        "0": {
            "0": 0.5112130641937256
        }
    }
}