{
    "confidence_score": 0.4014233648777008,
    "ptm": 0.23816391825675964,
    "iptm": 0.0,
    "ligand_iptm": 0.0,
    "protein_iptm": 0.0,
    "complex_plddt": 0.4422382414340973,
    "complex_iplddt": 0.4422382414340973,
    "complex_pde": 2.416691780090332,
    "complex_ipde": 0.0,
    "chains_ptm": {
        "0": 0.23816391825675964
    },
    "pair_chains_iptm": {
        "0": {
            "0": 0.23816391825675964
        }
    }
}