{
    "confidence_score": 0.38327857851982117,
    "ptm": 0.21502286195755005,
    "iptm": 0.0,
    "ligand_iptm": 0.0,
    "protein_iptm": 0.0,
    "complex_plddt": 0.42534250020980835,
    "complex_iplddt": 0.42534250020980835,
    "complex_pde": 2.5169765949249268,
    "complex_ipde": 0.0,
    "chains_ptm": {
        "0": 0.21502286195755005
    },
    "pair_chains_iptm": {
        "0": {
            "0": 0.21502286195755005
        }
    }
}