{
    "confidence_score": 0.3984221816062927,
    "ptm": 0.23329193890094757,
    "iptm": 0.0,
    "ligand_iptm": 0.0,
    "protein_iptm": 0.0,
    "complex_plddt": 0.4397047162055969,
    "complex_iplddt": 0.4397047162055969,
    "complex_pde": 2.466280221939087,
    "complex_ipde": 0.0,
    "chains_ptm": {
        "0": 0.23329193890094757
    },
    "pair_chains_iptm": {
        "0": {
            "0": 0.23329193890094757
        }
    }
}