{
    "confidence_score": 0.3780127763748169,
    "ptm": 0.1872304528951645,
    "iptm": 0.0,
    "ligand_iptm": 0.0,
    "protein_iptm": 0.0,
    "complex_plddt": 0.4257083535194397,
    "complex_iplddt": 0.4257083535194397,
    "complex_pde": 2.6875038146972656,
    "complex_ipde": 0.0,
    "chains_ptm": {
        "0": 0.1872304528951645
    },
    "pair_chains_iptm": {
        "0": {
            "0": 0.1872304528951645
        }
    }
}