{
    "confidence_score": 0.4206635057926178,
    "ptm": 0.22843831777572632,
    "iptm": 0.0,
    "ligand_iptm": 0.0,
    "protein_iptm": 0.0,
    "complex_plddt": 0.46871981024742126,
    "complex_iplddt": 0.46871981024742126,
    "complex_pde": 2.8138155937194824,
    "complex_ipde": 0.0,
    "chains_ptm": {
        "0": 0.22843831777572632
    },
    "pair_chains_iptm": {
        "0": {
            "0": 0.22843831777572632
        }
    }
}