{
    "confidence_score": 0.418927401304245,
    "ptm": 0.22822995483875275,
    "iptm": 0.0,
    "ligand_iptm": 0.0,
    "protein_iptm": 0.0,
    "complex_plddt": 0.46660175919532776,
    "complex_iplddt": 0.46660175919532776,
    "complex_pde": 2.8581976890563965,
    "complex_ipde": 0.0,
    "chains_ptm": {
        "0": 0.22822995483875275
    },
    "pair_chains_iptm": {
        "0": {
            "0": 0.22822995483875275
        }
    }
}