{
    "confidence_score": 0.4093957841396332,
    "ptm": 0.21270141005516052,
    "iptm": 0.0,
    "ligand_iptm": 0.0,
    "protein_iptm": 0.0,
    "complex_plddt": 0.45856937766075134,
    "complex_iplddt": 0.45856937766075134,
    "complex_pde": 2.9087107181549072,
    "complex_ipde": 0.0,
    "chains_ptm": {
        "0": 0.21270141005516052
    },
    "pair_chains_iptm": {
        "0": {
            "0": 0.21270141005516052
        }
    }
}