{
    "confidence_score": 0.4081859290599823,
    "ptm": 0.21262286603450775,
    "iptm": 0.0,
    "ligand_iptm": 0.0,
    "protein_iptm": 0.0,
    "complex_plddt": 0.45707666873931885,
    "complex_iplddt": 0.45707666873931885,
    "complex_pde": 2.9373908042907715,
    "complex_ipde": 0.0,
    "chains_ptm": {
        "0": 0.21262286603450775
    },
    "pair_chains_iptm": {
        "0": {
            "0": 0.21262286603450775
        }
    }
}