{
    "confidence_score": 0.31942281126976013,
    "ptm": 0.17838263511657715,
    "iptm": 0.0,
    "ligand_iptm": 0.0,
    "protein_iptm": 0.0,
    "complex_plddt": 0.3546828329563141,
    "complex_iplddt": 0.3546828329563141,
    "complex_pde": 3.155364513397217,
    "complex_ipde": 0.0,
    "chains_ptm": {
        "0": 0.17838263511657715
    },
    "pair_chains_iptm": {
        "0": {
            "0": 0.17838263511657715
        }
    }
}