{
    "confidence_score": 0.3106670081615448,
    "ptm": 0.17011035978794098,
    "iptm": 0.0,
    "ligand_iptm": 0.0,
    "protein_iptm": 0.0,
    "complex_plddt": 0.34580615162849426,
    "complex_iplddt": 0.34580615162849426,
    "complex_pde": 3.3329646587371826,
    "complex_ipde": 0.0,
    "chains_ptm": {
        "0": 0.17011035978794098
    },
    "pair_chains_iptm": {
        "0": {
            "0": 0.17011035978794098
        }
    }
}