{
    "confidence_score": 0.32348600029945374,
    "ptm": 0.1925956755876541,
    "iptm": 0.0,
    "ligand_iptm": 0.0,
    "protein_iptm": 0.0,
    "complex_plddt": 0.35620856285095215,
    "complex_iplddt": 0.35620856285095215,
    "complex_pde": 3.1206367015838623,
    "complex_ipde": 0.0,
    "chains_ptm": {
        "0": 0.1925956755876541
    },
    "pair_chains_iptm": {
        "0": {
            "0": 0.1925956755876541
        }
    }
}