{
    "confidence_score": 0.43680015206336975,
    "ptm": 0.32259050011634827,
    "iptm": 0.0,
    "ligand_iptm": 0.0,
    "protein_iptm": 0.0,
    "complex_plddt": 0.46535253524780273,
    "complex_iplddt": 0.46535253524780273,
    "complex_pde": 2.7714076042175293,
    "complex_ipde": 0.0,
    "chains_ptm": {
        "0": 0.32259050011634827
    },
    "pair_chains_iptm": {
        "0": {
            "0": 0.32259050011634827
        }
    }
}