{
    "confidence_score": 0.40886661410331726,
    "ptm": 0.28334301710128784,
    "iptm": 0.0,
    "ligand_iptm": 0.0,
    "protein_iptm": 0.0,
    "complex_plddt": 0.440247505903244,
    "complex_iplddt": 0.440247505903244,
    "complex_pde": 2.9875903129577637,
    "complex_ipde": 0.0,
    "chains_ptm": {
        "0": 0.28334301710128784
    },
    "pair_chains_iptm": {
        "0": {
            "0": 0.28334301710128784
        }
    }
}