{
    "confidence_score": 0.45138245820999146,
    "ptm": 0.4095780551433563,
    "iptm": 0.0,
    "ligand_iptm": 0.0,
    "protein_iptm": 0.0,
    "complex_plddt": 0.46183353662490845,
    "complex_iplddt": 0.46183353662490845,
    "complex_pde": 2.346895456314087,
    "complex_ipde": 0.0,
    "chains_ptm": {
        "0": 0.4095780551433563
    },
    "pair_chains_iptm": {
        "0": {
            "0": 0.4095780551433563
        }
    }
}