{
    "confidence_score": 0.42211586236953735,
    "ptm": 0.3082132041454315,
    "iptm": 0.0,
    "ligand_iptm": 0.0,
    "protein_iptm": 0.0,
    "complex_plddt": 0.450591504573822,
    "complex_iplddt": 0.450591504573822,
    "complex_pde": 2.841120719909668,
    "complex_ipde": 0.0,
    "chains_ptm": {
        "0": 0.3082132041454315
    },
    "pair_chains_iptm": {
        "0": {
            "0": 0.3082132041454315
        }
    }
}