{
    "confidence_score": 0.42016926407814026,
    "ptm": 0.25380563735961914,
    "iptm": 0.0,
    "ligand_iptm": 0.0,
    "protein_iptm": 0.0,
    "complex_plddt": 0.46176013350486755,
    "complex_iplddt": 0.46176013350486755,
    "complex_pde": 2.2028064727783203,
    "complex_ipde": 0.0,
    "chains_ptm": {
        "0": 0.25380563735961914
    },
    "pair_chains_iptm": {
        "0": {
            "0": 0.25380563735961914
        }
    }
}