{
    "confidence_score": 0.41953906416893005,
    "ptm": 0.26954126358032227,
    "iptm": 0.0,
    "ligand_iptm": 0.0,
    "protein_iptm": 0.0,
    "complex_plddt": 0.4570385217666626,
    "complex_iplddt": 0.4570385217666626,
    "complex_pde": 2.161618709564209,
    "complex_ipde": 0.0,
    "chains_ptm": {
        "0": 0.26954126358032227
    },
    "pair_chains_iptm": {
        "0": {
            "0": 0.26954126358032227
        }
    }
}