{
    "confidence_score": 0.42356809973716736,
    "ptm": 0.26163962483406067,
    "iptm": 0.0,
    "ligand_iptm": 0.0,
    "protein_iptm": 0.0,
    "complex_plddt": 0.46405020356178284,
    "complex_iplddt": 0.46405020356178284,
    "complex_pde": 2.2245266437530518,
    "complex_ipde": 0.0,
    "chains_ptm": {
        "0": 0.26163962483406067
    },
    "pair_chains_iptm": {
        "0": {
            "0": 0.26163962483406067
        }
    }
}