{
    "confidence_score": 0.5366649627685547,
    "ptm": 0.6645907759666443,
    "iptm": 0.0,
    "ligand_iptm": 0.0,
    "protein_iptm": 0.0,
    "complex_plddt": 0.5046834945678711,
    "complex_iplddt": 0.5046834945678711,
    "complex_pde": 1.513015627861023,
    "complex_ipde": 0.0,
    "chains_ptm": {
        "0": 0.6645907759666443
    },
    "pair_chains_iptm": {
        "0": {
            "0": 0.6645907759666443
        }
    }
}