{
    "confidence_score": 0.49643126130104065,
    "ptm": 0.39814838767051697,
    "iptm": 0.0,
    "ligand_iptm": 0.0,
    "protein_iptm": 0.0,
    "complex_plddt": 0.5210019946098328,
    "complex_iplddt": 0.5210019946098328,
    "complex_pde": 2.693833827972412,
    "complex_ipde": 0.0,
    "chains_ptm": {
        "0": 0.39814838767051697
    },
    "pair_chains_iptm": {
        "0": {
            "0": 0.39814838767051697
        }
    }
}