{
    "confidence_score": 0.5206689834594727,
    "ptm": 0.4100237190723419,
    "iptm": 0.0,
    "ligand_iptm": 0.0,
    "protein_iptm": 0.0,
    "complex_plddt": 0.5483303070068359,
    "complex_iplddt": 0.5483303070068359,
    "complex_pde": 2.6431195735931396,
    "complex_ipde": 0.0,
    "chains_ptm": {
        "0": 0.4100237190723419
    },
    "pair_chains_iptm": {
        "0": {
            "0": 0.4100237190723419
        }
    }
}