{
    "confidence_score": 0.49666696786880493,
    "ptm": 0.4192480742931366,
    "iptm": 0.0,
    "ligand_iptm": 0.0,
    "protein_iptm": 0.0,
    "complex_plddt": 0.5160216689109802,
    "complex_iplddt": 0.5160216689109802,
    "complex_pde": 2.60610032081604,
    "complex_ipde": 0.0,
    "chains_ptm": {
        "0": 0.4192480742931366
    },
    "pair_chains_iptm": {
        "0": {
            "0": 0.4192480742931366
        }
    }
}