{
    "confidence_score": 0.6485052704811096,
    "ptm": 0.4840782582759857,
    "iptm": 0.0,
    "ligand_iptm": 0.0,
    "protein_iptm": 0.0,
    "complex_plddt": 0.6896120309829712,
    "complex_iplddt": 0.6896120309829712,
    "complex_pde": 0.7574458122253418,
    "complex_ipde": 0.0,
    "chains_ptm": {
        "0": 0.4840782582759857
    },
    "pair_chains_iptm": {
        "0": {
            "0": 0.4840782582759857
        }
    }
}