{
    "confidence_score": 0.6536992192268372,
    "ptm": 0.48883336782455444,
    "iptm": 0.0,
    "ligand_iptm": 0.0,
    "protein_iptm": 0.0,
    "complex_plddt": 0.6949156522750854,
    "complex_iplddt": 0.6949156522750854,
    "complex_pde": 0.748329222202301,
    "complex_ipde": 0.0,
    "chains_ptm": {
        "0": 0.48883336782455444
    },
    "pair_chains_iptm": {
        "0": {
            "0": 0.48883336782455444
        }
    }
}