{
    "confidence_score": 0.3267340660095215,
    "ptm": 0.17127251625061035,
    "iptm": 0.0,
    "ligand_iptm": 0.0,
    "protein_iptm": 0.0,
    "complex_plddt": 0.36559945344924927,
    "complex_iplddt": 0.36559945344924927,
    "complex_pde": 3.3949267864227295,
    "complex_ipde": 0.0,
    "chains_ptm": {
        "0": 0.17127251625061035
    },
    "pair_chains_iptm": {
        "0": {
            "0": 0.17127251625061035
        }
    }
}