{
    "confidence_score": 0.345628023147583,
    "ptm": 0.21141085028648376,
    "iptm": 0.0,
    "ligand_iptm": 0.0,
    "protein_iptm": 0.0,
    "complex_plddt": 0.3791823089122772,
    "complex_iplddt": 0.3791823089122772,
    "complex_pde": 3.5676119327545166,
    "complex_ipde": 0.0,
    "chains_ptm": {
        "0": 0.21141085028648376
    },
    "pair_chains_iptm": {
        "0": {
            "0": 0.21141085028648376
        }
    }
}