{
    "confidence_score": 0.5337181687355042,
    "ptm": 0.42625316977500916,
    "iptm": 0.0,
    "ligand_iptm": 0.0,
    "protein_iptm": 0.0,
    "complex_plddt": 0.5605844259262085,
    "complex_iplddt": 0.5605844259262085,
    "complex_pde": 1.9597008228302002,
    "complex_ipde": 0.0,
    "chains_ptm": {
        "0": 0.42625316977500916
    },
    "pair_chains_iptm": {
        "0": {
            "0": 0.42625316977500916
        }
    }
}