{
    "confidence_score": 0.5319502949714661,
    "ptm": 0.43145641684532166,
    "iptm": 0.0,
    "ligand_iptm": 0.0,
    "protein_iptm": 0.0,
    "complex_plddt": 0.5570737719535828,
    "complex_iplddt": 0.5570737719535828,
    "complex_pde": 1.9447418451309204,
    "complex_ipde": 0.0,
    "chains_ptm": {
        "0": 0.43145641684532166
    },
    "pair_chains_iptm": {
        "0": {
            "0": 0.43145641684532166
        }
    }
}