{
    "confidence_score": 0.41648396849632263,
    "ptm": 0.3190540671348572,
    "iptm": 0.0,
    "ligand_iptm": 0.0,
    "protein_iptm": 0.0,
    "complex_plddt": 0.4408414363861084,
    "complex_iplddt": 0.4408414363861084,
    "complex_pde": 2.397644519805908,
    "complex_ipde": 0.0,
    "chains_ptm": {
        "0": 0.3190540671348572
    },
    "pair_chains_iptm": {
        "0": {
            "0": 0.3190540671348572
        }
    }
}