{
    "confidence_score": 0.41249901056289673,
    "ptm": 0.31239110231399536,
    "iptm": 0.0,
    "ligand_iptm": 0.0,
    "protein_iptm": 0.0,
    "complex_plddt": 0.43752598762512207,
    "complex_iplddt": 0.43752598762512207,
    "complex_pde": 2.3807380199432373,
    "complex_ipde": 0.0,
    "chains_ptm": {
        "0": 0.31239110231399536
    },
    "pair_chains_iptm": {
        "0": {
            "0": 0.31239110231399536
        }
    }
}