{
    "confidence_score": 0.41598930954933167,
    "ptm": 0.32221704721450806,
    "iptm": 0.0,
    "ligand_iptm": 0.0,
    "protein_iptm": 0.0,
    "complex_plddt": 0.43943238258361816,
    "complex_iplddt": 0.43943238258361816,
    "complex_pde": 2.399298667907715,
    "complex_ipde": 0.0,
    "chains_ptm": {
        "0": 0.32221704721450806
    },
    "pair_chains_iptm": {
        "0": {
            "0": 0.32221704721450806
        }
    }
}