{
    "confidence_score": 0.4176015853881836,
    "ptm": 0.27168408036231995,
    "iptm": 0.0,
    "ligand_iptm": 0.0,
    "protein_iptm": 0.0,
    "complex_plddt": 0.4540809690952301,
    "complex_iplddt": 0.4540809690952301,
    "complex_pde": 2.4995293617248535,
    "complex_ipde": 0.0,
    "chains_ptm": {
        "0": 0.27168408036231995
    },
    "pair_chains_iptm": {
        "0": {
            "0": 0.27168408036231995
        }
    }
}