{
    "confidence_score": 0.42195364832878113,
    "ptm": 0.2866763770580292,
    "iptm": 0.0,
    "ligand_iptm": 0.0,
    "protein_iptm": 0.0,
    "complex_plddt": 0.4557729661464691,
    "complex_iplddt": 0.4557729661464691,
    "complex_pde": 2.4128055572509766,
    "complex_ipde": 0.0,
    "chains_ptm": {
        "0": 0.2866763770580292
    },
    "pair_chains_iptm": {
        "0": {
            "0": 0.2866763770580292
        }
    }
}