{
    "confidence_score": 0.42319080233573914,
    "ptm": 0.27397096157073975,
    "iptm": 0.0,
    "ligand_iptm": 0.0,
    "protein_iptm": 0.0,
    "complex_plddt": 0.4604957103729248,
    "complex_iplddt": 0.4604957103729248,
    "complex_pde": 2.463341474533081,
    "complex_ipde": 0.0,
    "chains_ptm": {
        "0": 0.27397096157073975
    },
    "pair_chains_iptm": {
        "0": {
            "0": 0.27397096157073975
        }
    }
}