{
    "confidence_score": 0.4405018389225006,
    "ptm": 0.29677897691726685,
    "iptm": 0.0,
    "ligand_iptm": 0.0,
    "protein_iptm": 0.0,
    "complex_plddt": 0.47643256187438965,
    "complex_iplddt": 0.47643256187438965,
    "complex_pde": 2.646223545074463,
    "complex_ipde": 0.0,
    "chains_ptm": {
        "0": 0.29677897691726685
    },
    "pair_chains_iptm": {
        "0": {
            "0": 0.29677897691726685
        }
    }
}