{
    "confidence_score": 0.4248683452606201,
    "ptm": 0.23252111673355103,
    "iptm": 0.0,
    "ligand_iptm": 0.0,
    "protein_iptm": 0.0,
    "complex_plddt": 0.4729551374912262,
    "complex_iplddt": 0.4729551374912262,
    "complex_pde": 2.6014955043792725,
    "complex_ipde": 0.0,
    "chains_ptm": {
        "0": 0.23252111673355103
    },
    "pair_chains_iptm": {
        "0": {
            "0": 0.23252111673355103
        }
    }
}