{
    "confidence_score": 0.5052346587181091,
    "ptm": 0.3868692219257355,
    "iptm": 0.0,
    "ligand_iptm": 0.0,
    "protein_iptm": 0.0,
    "complex_plddt": 0.5348260402679443,
    "complex_iplddt": 0.5348260402679443,
    "complex_pde": 1.708063006401062,
    "complex_ipde": 0.0,
    "chains_ptm": {
        "0": 0.3868692219257355
    },
    "pair_chains_iptm": {
        "0": {
            "0": 0.3868692219257355
        }
    }
}