{
    "confidence_score": 0.5015043616294861,
    "ptm": 0.3421294093132019,
    "iptm": 0.0,
    "ligand_iptm": 0.0,
    "protein_iptm": 0.0,
    "complex_plddt": 0.5413480997085571,
    "complex_iplddt": 0.5413480997085571,
    "complex_pde": 1.8300023078918457,
    "complex_ipde": 0.0,
    "chains_ptm": {
        "0": 0.3421294093132019
    },
    "pair_chains_iptm": {
        "0": {
            "0": 0.3421294093132019
        }
    }
}