{
    "confidence_score": 0.49152547121047974,
    "ptm": 0.3657025396823883,
    "iptm": 0.0,
    "ligand_iptm": 0.0,
    "protein_iptm": 0.0,
    "complex_plddt": 0.5229811668395996,
    "complex_iplddt": 0.5229811668395996,
    "complex_pde": 1.8047914505004883,
    "complex_ipde": 0.0,
    "chains_ptm": {
        "0": 0.3657025396823883
    },
    "pair_chains_iptm": {
        "0": {
            "0": 0.3657025396823883
        }
    }
}