{
    "confidence_score": 0.4566226899623871,
    "ptm": 0.2615838050842285,
    "iptm": 0.0,
    "ligand_iptm": 0.0,
    "protein_iptm": 0.0,
    "complex_plddt": 0.5053824186325073,
    "complex_iplddt": 0.5053824186325073,
    "complex_pde": 2.4871151447296143,
    "complex_ipde": 0.0,
    "chains_ptm": {
        "0": 0.2615838050842285
    },
    "pair_chains_iptm": {
        "0": {
            "0": 0.2615838050842285
        }
    }
}