{
    "confidence_score": 0.45518094301223755,
    "ptm": 0.2617332935333252,
    "iptm": 0.0,
    "ligand_iptm": 0.0,
    "protein_iptm": 0.0,
    "complex_plddt": 0.5035428404808044,
    "complex_iplddt": 0.5035428404808044,
    "complex_pde": 2.4826598167419434,
    "complex_ipde": 0.0,
    "chains_ptm": {
        "0": 0.2617332935333252
    },
    "pair_chains_iptm": {
        "0": {
            "0": 0.2617332935333252
        }
    }
}