{
    "confidence_score": 0.4655665457248688,
    "ptm": 0.282680869102478,
    "iptm": 0.0,
    "ligand_iptm": 0.0,
    "protein_iptm": 0.0,
    "complex_plddt": 0.5112879276275635,
    "complex_iplddt": 0.5112879276275635,
    "complex_pde": 2.391450881958008,
    "complex_ipde": 0.0,
    "chains_ptm": {
        "0": 0.282680869102478
    },
    "pair_chains_iptm": {
        "0": {
            "0": 0.282680869102478
        }
    }
}