{
    "confidence_score": 0.6779806017875671,
    "ptm": 0.7066259980201721,
    "iptm": 0.0,
    "ligand_iptm": 0.0,
    "protein_iptm": 0.0,
    "complex_plddt": 0.6708192229270935,
    "complex_iplddt": 0.6708192229270935,
    "complex_pde": 0.8928949236869812,
    "complex_ipde": 0.0,
    "chains_ptm": {
        "0": 0.7066259980201721
    },
    "pair_chains_iptm": {
        "0": {
            "0": 0.7066259980201721
        }
    }
}