{
    "confidence_score": 0.6833203434944153,
    "ptm": 0.6747998595237732,
    "iptm": 0.0,
    "ligand_iptm": 0.0,
    "protein_iptm": 0.0,
    "complex_plddt": 0.6854504346847534,
    "complex_iplddt": 0.6854504346847534,
    "complex_pde": 0.946924090385437,
    "complex_ipde": 0.0,
    "chains_ptm": {
        "0": 0.6747998595237732
    },
    "pair_chains_iptm": {
        "0": {
            "0": 0.6747998595237732
        }
    }
}