{
    "confidence_score": 0.6661307215690613,
    "ptm": 0.6303950548171997,
    "iptm": 0.0,
    "ligand_iptm": 0.0,
    "protein_iptm": 0.0,
    "complex_plddt": 0.6750646829605103,
    "complex_iplddt": 0.6750646829605103,
    "complex_pde": 1.0679922103881836,
    "complex_ipde": 0.0,
    "chains_ptm": {
        "0": 0.6303950548171997
    },
    "pair_chains_iptm": {
        "0": {
            "0": 0.6303950548171997
        }
    }
}