{
    "confidence_score": 0.6676400303840637,
    "ptm": 0.626013994216919,
    "iptm": 0.0,
    "ligand_iptm": 0.0,
    "protein_iptm": 0.0,
    "complex_plddt": 0.6780465245246887,
    "complex_iplddt": 0.6780465245246887,
    "complex_pde": 1.1272039413452148,
    "complex_ipde": 0.0,
    "chains_ptm": {
        "0": 0.626013994216919
    },
    "pair_chains_iptm": {
        "0": {
            "0": 0.626013994216919
        }
    }
}