{
    "confidence_score": 0.6566094756126404,
    "ptm": 0.5977862477302551,
    "iptm": 0.0,
    "ligand_iptm": 0.0,
    "protein_iptm": 0.0,
    "complex_plddt": 0.6713152527809143,
    "complex_iplddt": 0.6713152527809143,
    "complex_pde": 1.1605454683303833,
    "complex_ipde": 0.0,
    "chains_ptm": {
        "0": 0.5977862477302551
    },
    "pair_chains_iptm": {
        "0": {
            "0": 0.5977862477302551
        }
    }
}