{
    "confidence_score": 0.5200644731521606,
    "ptm": 0.43632644414901733,
    "iptm": 0.0,
    "ligand_iptm": 0.0,
    "protein_iptm": 0.0,
    "complex_plddt": 0.5409989356994629,
    "complex_iplddt": 0.5409989356994629,
    "complex_pde": 2.2428157329559326,
    "complex_ipde": 0.0,
    "chains_ptm": {
        "0": 0.43632644414901733
    },
    "pair_chains_iptm": {
        "0": {
            "0": 0.43632644414901733
        }
    }
}