{
    "confidence_score": 0.48736315965652466,
    "ptm": 0.43692317605018616,
    "iptm": 0.0,
    "ligand_iptm": 0.0,
    "protein_iptm": 0.0,
    "complex_plddt": 0.4999731183052063,
    "complex_iplddt": 0.4999731183052063,
    "complex_pde": 2.173948287963867,
    "complex_ipde": 0.0,
    "chains_ptm": {
        "0": 0.43692317605018616
    },
    "pair_chains_iptm": {
        "0": {
            "0": 0.43692317605018616
        }
    }
}