{
    "confidence_score": 0.5290021300315857,
    "ptm": 0.4895728528499603,
    "iptm": 0.0,
    "ligand_iptm": 0.0,
    "protein_iptm": 0.0,
    "complex_plddt": 0.538859486579895,
    "complex_iplddt": 0.538859486579895,
    "complex_pde": 2.0428085327148438,
    "complex_ipde": 0.0,
    "chains_ptm": {
        "0": 0.4895728528499603
    },
    "pair_chains_iptm": {
        "0": {
            "0": 0.4895728528499603
        }
    }
}