{
    "confidence_score": 0.5134221315383911,
    "ptm": 0.45630595088005066,
    "iptm": 0.0,
    "ligand_iptm": 0.0,
    "protein_iptm": 0.0,
    "complex_plddt": 0.5277011394500732,
    "complex_iplddt": 0.5277011394500732,
    "complex_pde": 2.1409807205200195,
    "complex_ipde": 0.0,
    "chains_ptm": {
        "0": 0.45630595088005066
    },
    "pair_chains_iptm": {
        "0": {
            "0": 0.45630595088005066
        }
    }
}