{
    "confidence_score": 0.4216102063655853,
    "ptm": 0.4117165207862854,
    "iptm": 0.0,
    "ligand_iptm": 0.0,
    "protein_iptm": 0.0,
    "complex_plddt": 0.4240836501121521,
    "complex_iplddt": 0.4240836501121521,
    "complex_pde": 2.4482004642486572,
    "complex_ipde": 0.0,
    "chains_ptm": {
        "0": 0.4117165207862854
    },
    "pair_chains_iptm": {
        "0": {
            "0": 0.4117165207862854
        }
    }
}