{
    "confidence_score": 0.38410207629203796,
    "ptm": 0.2478983849287033,
    "iptm": 0.0,
    "ligand_iptm": 0.0,
    "protein_iptm": 0.0,
    "complex_plddt": 0.4181530177593231,
    "complex_iplddt": 0.4181530177593231,
    "complex_pde": 2.6911814212799072,
    "complex_ipde": 0.0,
    "chains_ptm": {
        "0": 0.2478983849287033
    },
    "pair_chains_iptm": {
        "0": {
            "0": 0.2478983849287033
        }
    }
}