{
    "confidence_score": 0.39404043555259705,
    "ptm": 0.2708168923854828,
    "iptm": 0.0,
    "ligand_iptm": 0.0,
    "protein_iptm": 0.0,
    "complex_plddt": 0.4248463213443756,
    "complex_iplddt": 0.4248463213443756,
    "complex_pde": 2.6109538078308105,
    "complex_ipde": 0.0,
    "chains_ptm": {
        "0": 0.2708168923854828
    },
    "pair_chains_iptm": {
        "0": {
            "0": 0.2708168923854828
        }
    }
}