{
    "confidence_score": 0.36699768900871277,
    "ptm": 0.24007369577884674,
    "iptm": 0.0,
    "ligand_iptm": 0.0,
    "protein_iptm": 0.0,
    "complex_plddt": 0.3987286686897278,
    "complex_iplddt": 0.3987286686897278,
    "complex_pde": 2.86834979057312,
    "complex_ipde": 0.0,
    "chains_ptm": {
        "0": 0.24007369577884674
    },
    "pair_chains_iptm": {
        "0": {
            "0": 0.24007369577884674
        }
    }
}