{
    "confidence_score": 0.4889063835144043,
    "ptm": 0.3868051767349243,
    "iptm": 0.0,
    "ligand_iptm": 0.0,
    "protein_iptm": 0.0,
    "complex_plddt": 0.5144316554069519,
    "complex_iplddt": 0.5144316554069519,
    "complex_pde": 2.209101438522339,
    "complex_ipde": 0.0,
    "chains_ptm": {
        "0": 0.3868051767349243
    },
    "pair_chains_iptm": {
        "0": {
            "0": 0.3868051767349243
        }
    }
}