{
    "confidence_score": 0.5132648944854736,
    "ptm": 0.38587436079978943,
    "iptm": 0.0,
    "ligand_iptm": 0.0,
    "protein_iptm": 0.0,
    "complex_plddt": 0.5451125502586365,
    "complex_iplddt": 0.5451125502586365,
    "complex_pde": 2.0329926013946533,
    "complex_ipde": 0.0,
    "chains_ptm": {
        "0": 0.38587436079978943
    },
    "pair_chains_iptm": {
        "0": {
            "0": 0.38587436079978943
        }
    }
}