{
    "confidence_score": 0.4916650950908661,
    "ptm": 0.3495303690433502,
    "iptm": 0.0,
    "ligand_iptm": 0.0,
    "protein_iptm": 0.0,
    "complex_plddt": 0.5271987318992615,
    "complex_iplddt": 0.5271987318992615,
    "complex_pde": 2.2547190189361572,
    "complex_ipde": 0.0,
    "chains_ptm": {
        "0": 0.3495303690433502
    },
    "pair_chains_iptm": {
        "0": {
            "0": 0.3495303690433502
        }
    }
}