{
    "confidence_score": 0.5073313117027283,
    "ptm": 0.3628185987472534,
    "iptm": 0.0,
    "ligand_iptm": 0.0,
    "protein_iptm": 0.0,
    "complex_plddt": 0.5434594750404358,
    "complex_iplddt": 0.5434594750404358,
    "complex_pde": 2.13267183303833,
    "complex_ipde": 0.0,
    "chains_ptm": {
        "0": 0.3628185987472534
    },
    "pair_chains_iptm": {
        "0": {
            "0": 0.3628185987472534
        }
    }
}