{
    "confidence_score": 0.5460395216941833,
    "ptm": 0.45057106018066406,
    "iptm": 0.0,
    "ligand_iptm": 0.0,
    "protein_iptm": 0.0,
    "complex_plddt": 0.5699066519737244,
    "complex_iplddt": 0.5699066519737244,
    "complex_pde": 2.2397119998931885,
    "complex_ipde": 0.0,
    "chains_ptm": {
        "0": 0.45057106018066406
    },
    "pair_chains_iptm": {
        "0": {
            "0": 0.45057106018066406
        }
    }
}