{
    "confidence_score": 0.5511481165885925,
    "ptm": 0.4188198149204254,
    "iptm": 0.0,
    "ligand_iptm": 0.0,
    "protein_iptm": 0.0,
    "complex_plddt": 0.5842301845550537,
    "complex_iplddt": 0.5842301845550537,
    "complex_pde": 2.277390718460083,
    "complex_ipde": 0.0,
    "chains_ptm": {
        "0": 0.4188198149204254
    },
    "pair_chains_iptm": {
        "0": {
            "0": 0.4188198149204254
        }
    }
}