{
    "confidence_score": 0.5679163336753845,
    "ptm": 0.41517555713653564,
    "iptm": 0.0,
    "ligand_iptm": 0.0,
    "protein_iptm": 0.0,
    "complex_plddt": 0.6061015129089355,
    "complex_iplddt": 0.6061015129089355,
    "complex_pde": 2.2529542446136475,
    "complex_ipde": 0.0,
    "chains_ptm": {
        "0": 0.41517555713653564
    },
    "pair_chains_iptm": {
        "0": {
            "0": 0.41517555713653564
        }
    }
}