{
    "confidence_score": 0.35422712564468384,
    "ptm": 0.26816409826278687,
    "iptm": 0.0,
    "ligand_iptm": 0.0,
    "protein_iptm": 0.0,
    "complex_plddt": 0.3757428526878357,
    "complex_iplddt": 0.3757428526878357,
    "complex_pde": 2.8964574337005615,
    "complex_ipde": 0.0,
    "chains_ptm": {
        "0": 0.26816409826278687
    },
    "pair_chains_iptm": {
        "0": {
            "0": 0.26816409826278687
        }
    }
}