{
    "confidence_score": 0.4038856625556946,
    "ptm": 0.2716606855392456,
    "iptm": 0.0,
    "ligand_iptm": 0.0,
    "protein_iptm": 0.0,
    "complex_plddt": 0.436941921710968,
    "complex_iplddt": 0.436941921710968,
    "complex_pde": 2.6236417293548584,
    "complex_ipde": 0.0,
    "chains_ptm": {
        "0": 0.2716606855392456
    },
    "pair_chains_iptm": {
        "0": {
            "0": 0.2716606855392456
        }
    }
}