{
    "confidence_score": 0.39581045508384705,
    "ptm": 0.2509695887565613,
    "iptm": 0.0,
    "ligand_iptm": 0.0,
    "protein_iptm": 0.0,
    "complex_plddt": 0.4320206642150879,
    "complex_iplddt": 0.4320206642150879,
    "complex_pde": 2.602214813232422,
    "complex_ipde": 0.0,
    "chains_ptm": {
        "0": 0.2509695887565613
    },
    "pair_chains_iptm": {
        "0": {
            "0": 0.2509695887565613
        }
    }
}