{
    "confidence_score": 0.3891462981700897,
    "ptm": 0.24524053931236267,
    "iptm": 0.0,
    "ligand_iptm": 0.0,
    "protein_iptm": 0.0,
    "complex_plddt": 0.4251227378845215,
    "complex_iplddt": 0.4251227378845215,
    "complex_pde": 2.6478066444396973,
    "complex_ipde": 0.0,
    "chains_ptm": {
        "0": 0.24524053931236267
    },
    "pair_chains_iptm": {
        "0": {
            "0": 0.24524053931236267
        }
    }
}