{
    "confidence_score": 0.5049236416816711,
    "ptm": 0.34697452187538147,
    "iptm": 0.0,
    "ligand_iptm": 0.0,
    "protein_iptm": 0.0,
    "complex_plddt": 0.5444108843803406,
    "complex_iplddt": 0.5444108843803406,
    "complex_pde": 2.3558409214019775,
    "complex_ipde": 0.0,
    "chains_ptm": {
        "0": 0.34697452187538147
    },
    "pair_chains_iptm": {
        "0": {
            "0": 0.34697452187538147
        }
    }
}