{
    "confidence_score": 0.5044062733650208,
    "ptm": 0.3588164448738098,
    "iptm": 0.0,
    "ligand_iptm": 0.0,
    "protein_iptm": 0.0,
    "complex_plddt": 0.5408037304878235,
    "complex_iplddt": 0.5408037304878235,
    "complex_pde": 2.252150774002075,
    "complex_ipde": 0.0,
    "chains_ptm": {
        "0": 0.3588164448738098
    },
    "pair_chains_iptm": {
        "0": {
            "0": 0.3588164448738098
        }
    }
}