{
    "confidence_score": 0.48977017402648926,
    "ptm": 0.3260793685913086,
    "iptm": 0.0,
    "ligand_iptm": 0.0,
    "protein_iptm": 0.0,
    "complex_plddt": 0.5306928753852844,
    "complex_iplddt": 0.5306928753852844,
    "complex_pde": 2.4517717361450195,
    "complex_ipde": 0.0,
    "chains_ptm": {
        "0": 0.3260793685913086
    },
    "pair_chains_iptm": {
        "0": {
            "0": 0.3260793685913086
        }
    }
}