{
    "confidence_score": 0.44284549355506897,
    "ptm": 0.347390741109848,
    "iptm": 0.0,
    "ligand_iptm": 0.0,
    "protein_iptm": 0.0,
    "complex_plddt": 0.466709166765213,
    "complex_iplddt": 0.466709166765213,
    "complex_pde": 2.3349435329437256,
    "complex_ipde": 0.0,
    "chains_ptm": {
        "0": 0.347390741109848
    },
    "pair_chains_iptm": {
        "0": {
            "0": 0.347390741109848
        }
    }
}