{
    "confidence_score": 0.4266762435436249,
    "ptm": 0.30010557174682617,
    "iptm": 0.0,
    "ligand_iptm": 0.0,
    "protein_iptm": 0.0,
    "complex_plddt": 0.45831888914108276,
    "complex_iplddt": 0.45831888914108276,
    "complex_pde": 2.67085599899292,
    "complex_ipde": 0.0,
    "chains_ptm": {
        "0": 0.30010557174682617
    },
    "pair_chains_iptm": {
        "0": {
            "0": 0.30010557174682617
        }
    }
}