{
    "confidence_score": 0.5007702112197876,
    "ptm": 0.5249282121658325,
    "iptm": 0.0,
    "ligand_iptm": 0.0,
    "protein_iptm": 0.0,
    "complex_plddt": 0.49473071098327637,
    "complex_iplddt": 0.49473071098327637,
    "complex_pde": 1.5249273777008057,
    "complex_ipde": 0.0,
    "chains_ptm": {
        "0": 0.5249282121658325
    },
    "pair_chains_iptm": {
        "0": {
            "0": 0.5249282121658325
        }
    }
}