{
    "confidence_score": 0.4188179075717926,
    "ptm": 0.2999832034111023,
    "iptm": 0.0,
    "ligand_iptm": 0.0,
    "protein_iptm": 0.0,
    "complex_plddt": 0.4485265612602234,
    "complex_iplddt": 0.4485265612602234,
    "complex_pde": 2.6026506423950195,
    "complex_ipde": 0.0,
    "chains_ptm": {
        "0": 0.2999832034111023
    },
    "pair_chains_iptm": {
        "0": {
            "0": 0.2999832034111023
        }
    }
}