{
    "confidence_score": 0.41459932923316956,
    "ptm": 0.3464807868003845,
    "iptm": 0.0,
    "ligand_iptm": 0.0,
    "protein_iptm": 0.0,
    "complex_plddt": 0.431628942489624,
    "complex_iplddt": 0.431628942489624,
    "complex_pde": 2.3809361457824707,
    "complex_ipde": 0.0,
    "chains_ptm": {
        "0": 0.3464807868003845
    },
    "pair_chains_iptm": {
        "0": {
            "0": 0.3464807868003845
        }
    }
}