{
    "confidence_score": 0.4579106867313385,
    "ptm": 0.3339279592037201,
    "iptm": 0.0,
    "ligand_iptm": 0.0,
    "protein_iptm": 0.0,
    "complex_plddt": 0.4889063835144043,
    "complex_iplddt": 0.4889063835144043,
    "complex_pde": 2.392519235610962,
    "complex_ipde": 0.0,
    "chains_ptm": {
        "0": 0.3339279592037201
    },
    "pair_chains_iptm": {
        "0": {
            "0": 0.3339279592037201
        }
    }
}