{
    "confidence_score": 0.48840242624282837,
    "ptm": 0.6300032734870911,
    "iptm": 0.0,
    "ligand_iptm": 0.0,
    "protein_iptm": 0.0,
    "complex_plddt": 0.4530022144317627,
    "complex_iplddt": 0.4530022144317627,
    "complex_pde": 1.2647027969360352,
    "complex_ipde": 0.0,
    "chains_ptm": {
        "0": 0.6300032734870911
    },
    "pair_chains_iptm": {
        "0": {
            "0": 0.6300032734870911
        }
    }
}