{
    "confidence_score": 0.4416022002696991,
    "ptm": 0.30807408690452576,
    "iptm": 0.0,
    "ligand_iptm": 0.0,
    "protein_iptm": 0.0,
    "complex_plddt": 0.47498419880867004,
    "complex_iplddt": 0.47498419880867004,
    "complex_pde": 2.362034320831299,
    "complex_ipde": 0.0,
    "chains_ptm": {
        "0": 0.30807408690452576
    },
    "pair_chains_iptm": {
        "0": {
            "0": 0.30807408690452576
        }
    }
}