{
    "confidence_score": 0.4173245131969452,
    "ptm": 0.2835816740989685,
    "iptm": 0.0,
    "ligand_iptm": 0.0,
    "protein_iptm": 0.0,
    "complex_plddt": 0.4507601857185364,
    "complex_iplddt": 0.4507601857185364,
    "complex_pde": 2.1297059059143066,
    "complex_ipde": 0.0,
    "chains_ptm": {
        "0": 0.2835816740989685
    },
    "pair_chains_iptm": {
        "0": {
            "0": 0.2835816740989685
        }
    }
}