{
    "confidence_score": 0.43057575821876526,
    "ptm": 0.2884736955165863,
    "iptm": 0.0,
    "ligand_iptm": 0.0,
    "protein_iptm": 0.0,
    "complex_plddt": 0.4661012887954712,
    "complex_iplddt": 0.4661012887954712,
    "complex_pde": 2.147289514541626,
    "complex_ipde": 0.0,
    "chains_ptm": {
        "0": 0.2884736955165863
    },
    "pair_chains_iptm": {
        "0": {
            "0": 0.2884736955165863
        }
    }
}