{
    "confidence_score": 0.4150429368019104,
    "ptm": 0.2873242199420929,
    "iptm": 0.0,
    "ligand_iptm": 0.0,
    "protein_iptm": 0.0,
    "complex_plddt": 0.4469726085662842,
    "complex_iplddt": 0.4469726085662842,
    "complex_pde": 2.1961846351623535,
    "complex_ipde": 0.0,
    "chains_ptm": {
        "0": 0.2873242199420929
    },
    "pair_chains_iptm": {
        "0": {
            "0": 0.2873242199420929
        }
    }
}