{
    "confidence_score": 0.4031717777252197,
    "ptm": 0.2979426085948944,
    "iptm": 0.0,
    "ligand_iptm": 0.0,
    "protein_iptm": 0.0,
    "complex_plddt": 0.42947906255722046,
    "complex_iplddt": 0.42947906255722046,
    "complex_pde": 2.5713090896606445,
    "complex_ipde": 0.0,
    "chains_ptm": {
        "0": 0.2979426085948944
    },
    "pair_chains_iptm": {
        "0": {
            "0": 0.2979426085948944
        }
    }
}