{
    "confidence_score": 0.4198002517223358,
    "ptm": 0.3027522563934326,
    "iptm": 0.0,
    "ligand_iptm": 0.0,
    "protein_iptm": 0.0,
    "complex_plddt": 0.4490622282028198,
    "complex_iplddt": 0.4490622282028198,
    "complex_pde": 2.468233346939087,
    "complex_ipde": 0.0,
    "chains_ptm": {
        "0": 0.3027522563934326
    },
    "pair_chains_iptm": {
        "0": {
            "0": 0.3027522563934326
        }
    }
}