{
    "confidence_score": 0.5618082880973816,
    "ptm": 0.43517449498176575,
    "iptm": 0.0,
    "ligand_iptm": 0.0,
    "protein_iptm": 0.0,
    "complex_plddt": 0.5934666991233826,
    "complex_iplddt": 0.5934666991233826,
    "complex_pde": 1.5125365257263184,
    "complex_ipde": 0.0,
    "chains_ptm": {
        "0": 0.43517449498176575
    },
    "pair_chains_iptm": {
        "0": {
            "0": 0.43517449498176575
        }
    }
}