{
    "confidence_score": 0.5570390224456787,
    "ptm": 0.44604554772377014,
    "iptm": 0.0,
    "ligand_iptm": 0.0,
    "protein_iptm": 0.0,
    "complex_plddt": 0.5847873687744141,
    "complex_iplddt": 0.5847873687744141,
    "complex_pde": 1.5325839519500732,
    "complex_ipde": 0.0,
    "chains_ptm": {
        "0": 0.44604554772377014
    },
    "pair_chains_iptm": {
        "0": {
            "0": 0.44604554772377014
        }
    }
}