{
    "confidence_score": 0.5014929175376892,
    "ptm": 0.34171533584594727,
    "iptm": 0.0,
    "ligand_iptm": 0.0,
    "protein_iptm": 0.0,
    "complex_plddt": 0.5414372682571411,
    "complex_iplddt": 0.5414372682571411,
    "complex_pde": 2.4136369228363037,
    "complex_ipde": 0.0,
    "chains_ptm": {
        "0": 0.34171533584594727
    },
    "pair_chains_iptm": {
        "0": {
            "0": 0.34171533584594727
        }
    }
}