{
    "confidence_score": 0.47233662009239197,
    "ptm": 0.30777955055236816,
    "iptm": 0.0,
    "ligand_iptm": 0.0,
    "protein_iptm": 0.0,
    "complex_plddt": 0.5134758949279785,
    "complex_iplddt": 0.5134758949279785,
    "complex_pde": 2.4272830486297607,
    "complex_ipde": 0.0,
    "chains_ptm": {
        "0": 0.30777955055236816
    },
    "pair_chains_iptm": {
        "0": {
            "0": 0.30777955055236816
        }
    }
}