{
    "confidence_score": 0.4807235896587372,
    "ptm": 0.3132043480873108,
    "iptm": 0.0,
    "ligand_iptm": 0.0,
    "protein_iptm": 0.0,
    "complex_plddt": 0.5226033926010132,
    "complex_iplddt": 0.5226033926010132,
    "complex_pde": 2.313906669616699,
    "complex_ipde": 0.0,
    "chains_ptm": {
        "0": 0.3132043480873108
    },
    "pair_chains_iptm": {
        "0": {
            "0": 0.3132043480873108
        }
    }
}