{
    "confidence_score": 0.4750465452671051,
    "ptm": 0.36378416419029236,
    "iptm": 0.0,
    "ligand_iptm": 0.0,
    "protein_iptm": 0.0,
    "complex_plddt": 0.5028621554374695,
    "complex_iplddt": 0.5028621554374695,
    "complex_pde": 2.118138074874878,
    "complex_ipde": 0.0,
    "chains_ptm": {
        "0": 0.36378416419029236
    },
    "pair_chains_iptm": {
        "0": {
            "0": 0.36378416419029236
        }
    }
}