{
    "confidence_score": 0.4760659635066986,
    "ptm": 0.43575432896614075,
    "iptm": 0.0,
    "ligand_iptm": 0.0,
    "protein_iptm": 0.0,
    "complex_plddt": 0.4861438572406769,
    "complex_iplddt": 0.4861438572406769,
    "complex_pde": 1.967719554901123,
    "complex_ipde": 0.0,
    "chains_ptm": {
        "0": 0.43575432896614075
    },
    "pair_chains_iptm": {
        "0": {
            "0": 0.43575432896614075
        }
    }
}