{
    "confidence_score": 0.5059224367141724,
    "ptm": 0.3660772144794464,
    "iptm": 0.0,
    "ligand_iptm": 0.0,
    "protein_iptm": 0.0,
    "complex_plddt": 0.5408837199211121,
    "complex_iplddt": 0.5408837199211121,
    "complex_pde": 2.3731887340545654,
    "complex_ipde": 0.0,
    "chains_ptm": {
        "0": 0.3660772144794464
    },
    "pair_chains_iptm": {
        "0": {
            "0": 0.3660772144794464
        }
    }
}