{
    "confidence_score": 0.49376773834228516,
    "ptm": 0.3762916028499603,
    "iptm": 0.0,
    "ligand_iptm": 0.0,
    "protein_iptm": 0.0,
    "complex_plddt": 0.5231367945671082,
    "complex_iplddt": 0.5231367945671082,
    "complex_pde": 2.4014344215393066,
    "complex_ipde": 0.0,
    "chains_ptm": {
        "0": 0.3762916028499603
    },
    "pair_chains_iptm": {
        "0": {
            "0": 0.3762916028499603
        }
    }
}