{
    "confidence_score": 0.5910146236419678,
    "ptm": 0.49268609285354614,
    "iptm": 0.0,
    "ligand_iptm": 0.0,
    "protein_iptm": 0.0,
    "complex_plddt": 0.6155967712402344,
    "complex_iplddt": 0.6155967712402344,
    "complex_pde": 1.6733911037445068,
    "complex_ipde": 0.0,
    "chains_ptm": {
        "0": 0.49268609285354614
    },
    "pair_chains_iptm": {
        "0": {
            "0": 0.49268609285354614
        }
    }
}