{
    "confidence_score": 0.6170986890792847,
    "ptm": 0.5394681096076965,
    "iptm": 0.0,
    "ligand_iptm": 0.0,
    "protein_iptm": 0.0,
    "complex_plddt": 0.6365063190460205,
    "complex_iplddt": 0.6365063190460205,
    "complex_pde": 1.4523416757583618,
    "complex_ipde": 0.0,
    "chains_ptm": {
        "0": 0.5394681096076965
    },
    "pair_chains_iptm": {
        "0": {
            "0": 0.5394681096076965
        }
    }
}