{
    "confidence_score": 0.5961822271347046,
    "ptm": 0.5092966556549072,
    "iptm": 0.0,
    "ligand_iptm": 0.0,
    "protein_iptm": 0.0,
    "complex_plddt": 0.6179035902023315,
    "complex_iplddt": 0.6179035902023315,
    "complex_pde": 1.6755355596542358,
    "complex_ipde": 0.0,
    "chains_ptm": {
        "0": 0.5092966556549072
    },
    "pair_chains_iptm": {
        "0": {
            "0": 0.5092966556549072
        }
    }
}