{
    "confidence_score": 0.6198891401290894,
    "ptm": 0.534553587436676,
    "iptm": 0.0,
    "ligand_iptm": 0.0,
    "protein_iptm": 0.0,
    "complex_plddt": 0.6412230134010315,
    "complex_iplddt": 0.6412230134010315,
    "complex_pde": 1.527739405632019,
    "complex_ipde": 0.0,
    "chains_ptm": {
        "0": 0.534553587436676
    },
    "pair_chains_iptm": {
        "0": {
            "0": 0.534553587436676
        }
    }
}