{
    "confidence_score": 0.545840859413147,
    "ptm": 0.34661629796028137,
    "iptm": 0.0,
    "ligand_iptm": 0.0,
    "protein_iptm": 0.0,
    "complex_plddt": 0.5956469774246216,
    "complex_iplddt": 0.5956469774246216,
    "complex_pde": 1.8351331949234009,
    "complex_ipde": 0.0,
    "chains_ptm": {
        "0": 0.34661629796028137
    },
    "pair_chains_iptm": {
        "0": {
            "0": 0.34661629796028137
        }
    }
}