{
    "confidence_score": 0.4905942976474762,
    "ptm": 0.28884944319725037,
    "iptm": 0.0,
    "ligand_iptm": 0.0,
    "protein_iptm": 0.0,
    "complex_plddt": 0.5410305261611938,
    "complex_iplddt": 0.5410305261611938,
    "complex_pde": 1.898956537246704,
    "complex_ipde": 0.0,
    "chains_ptm": {
        "0": 0.28884944319725037
    },
    "pair_chains_iptm": {
        "0": {
            "0": 0.28884944319725037
        }
    }
}