{
    "confidence_score": 0.5225134491920471,
    "ptm": 0.2967824637889862,
    "iptm": 0.0,
    "ligand_iptm": 0.0,
    "protein_iptm": 0.0,
    "complex_plddt": 0.5789461731910706,
    "complex_iplddt": 0.5789461731910706,
    "complex_pde": 1.9005130529403687,
    "complex_ipde": 0.0,
    "chains_ptm": {
        "0": 0.2967824637889862
    },
    "pair_chains_iptm": {
        "0": {
            "0": 0.2967824637889862
        }
    }
}