{
    "confidence_score": 0.43741464614868164,
    "ptm": 0.24019122123718262,
    "iptm": 0.0,
    "ligand_iptm": 0.0,
    "protein_iptm": 0.0,
    "complex_plddt": 0.4867205321788788,
    "complex_iplddt": 0.4867205321788788,
    "complex_pde": 3.1514179706573486,
    "complex_ipde": 0.0,
    "chains_ptm": {
        "0": 0.24019122123718262
    },
    "pair_chains_iptm": {
        "0": {
            "0": 0.24019122123718262
        }
    }
}