{
    "confidence_score": 0.44717177748680115,
    "ptm": 0.23552151024341583,
    "iptm": 0.0,
    "ligand_iptm": 0.0,
    "protein_iptm": 0.0,
    "complex_plddt": 0.5000843405723572,
    "complex_iplddt": 0.5000843405723572,
    "complex_pde": 3.0156216621398926,
    "complex_ipde": 0.0,
    "chains_ptm": {
        "0": 0.23552151024341583
    },
    "pair_chains_iptm": {
        "0": {
            "0": 0.23552151024341583
        }
    }
}