{
    "confidence_score": 0.4414428174495697,
    "ptm": 0.23119686543941498,
    "iptm": 0.0,
    "ligand_iptm": 0.0,
    "protein_iptm": 0.0,
    "complex_plddt": 0.49400433897972107,
    "complex_iplddt": 0.49400433897972107,
    "complex_pde": 3.0366413593292236,
    "complex_ipde": 0.0,
    "chains_ptm": {
        "0": 0.23119686543941498
    },
    "pair_chains_iptm": {
        "0": {
            "0": 0.23119686543941498
        }
    }
}