{
    "confidence_score": 0.4420110881328583,
    "ptm": 0.2390289604663849,
    "iptm": 0.0,
    "ligand_iptm": 0.0,
    "protein_iptm": 0.0,
    "complex_plddt": 0.49275657534599304,
    "complex_iplddt": 0.49275657534599304,
    "complex_pde": 3.0840561389923096,
    "complex_ipde": 0.0,
    "chains_ptm": {
        "0": 0.2390289604663849
    },
    "pair_chains_iptm": {
        "0": {
            "0": 0.2390289604663849
        }
    }
}