{
    "confidence_score": 0.43748804926872253,
    "ptm": 0.24767504632472992,
    "iptm": 0.0,
    "ligand_iptm": 0.0,
    "protein_iptm": 0.0,
    "complex_plddt": 0.484941303730011,
    "complex_iplddt": 0.484941303730011,
    "complex_pde": 3.0945777893066406,
    "complex_ipde": 0.0,
    "chains_ptm": {
        "0": 0.24767504632472992
    },
    "pair_chains_iptm": {
        "0": {
            "0": 0.24767504632472992
        }
    }
}