{
    "confidence_score": 0.47034889459609985,
    "ptm": 0.3751959204673767,
    "iptm": 0.0,
    "ligand_iptm": 0.0,
    "protein_iptm": 0.0,
    "complex_plddt": 0.49413710832595825,
    "complex_iplddt": 0.49413710832595825,
    "complex_pde": 2.5671145915985107,
    "complex_ipde": 0.0,
    "chains_ptm": {
        "0": 0.3751959204673767
    },
    "pair_chains_iptm": {
        "0": {
            "0": 0.3751959204673767
        }
    }
}