{
    "confidence_score": 0.46904635429382324,
    "ptm": 0.35172906517982483,
    "iptm": 0.0,
    "ligand_iptm": 0.0,
    "protein_iptm": 0.0,
    "complex_plddt": 0.49837565422058105,
    "complex_iplddt": 0.49837565422058105,
    "complex_pde": 2.6068308353424072,
    "complex_ipde": 0.0,
    "chains_ptm": {
        "0": 0.35172906517982483
    },
    "pair_chains_iptm": {
        "0": {
            "0": 0.35172906517982483
        }
    }
}