{
    "confidence_score": 0.48133450746536255,
    "ptm": 0.2673724889755249,
    "iptm": 0.0,
    "ligand_iptm": 0.0,
    "protein_iptm": 0.0,
    "complex_plddt": 0.5348249673843384,
    "complex_iplddt": 0.5348249673843384,
    "complex_pde": 2.534383535385132,
    "complex_ipde": 0.0,
    "chains_ptm": {
        "0": 0.2673724889755249
    },
    "pair_chains_iptm": {
        "0": {
            "0": 0.2673724889755249
        }
    }
}