{
    "confidence_score": 0.4909261167049408,
    "ptm": 0.2807052433490753,
    "iptm": 0.0,
    "ligand_iptm": 0.0,
    "protein_iptm": 0.0,
    "complex_plddt": 0.5434813499450684,
    "complex_iplddt": 0.5434813499450684,
    "complex_pde": 2.427500009536743,
    "complex_ipde": 0.0,
    "chains_ptm": {
        "0": 0.2807052433490753
    },
    "pair_chains_iptm": {
        "0": {
            "0": 0.2807052433490753
        }
    }
}