{
    "confidence_score": 0.4927894175052643,
    "ptm": 0.2864060699939728,
    "iptm": 0.0,
    "ligand_iptm": 0.0,
    "protein_iptm": 0.0,
    "complex_plddt": 0.5443852543830872,
    "complex_iplddt": 0.5443852543830872,
    "complex_pde": 2.295421600341797,
    "complex_ipde": 0.0,
    "chains_ptm": {
        "0": 0.2864060699939728
    },
    "pair_chains_iptm": {
        "0": {
            "0": 0.2864060699939728
        }
    }
}