{
    "confidence_score": 0.4918772876262665,
    "ptm": 0.32316911220550537,
    "iptm": 0.0,
    "ligand_iptm": 0.0,
    "protein_iptm": 0.0,
    "complex_plddt": 0.5340543389320374,
    "complex_iplddt": 0.5340543389320374,
    "complex_pde": 2.316678285598755,
    "complex_ipde": 0.0,
    "chains_ptm": {
        "0": 0.32316911220550537
    },
    "pair_chains_iptm": {
        "0": {
            "0": 0.32316911220550537
        }
    }
}