{
    "confidence_score": 0.39051389694213867,
    "ptm": 0.2724267542362213,
    "iptm": 0.0,
    "ligand_iptm": 0.0,
    "protein_iptm": 0.0,
    "complex_plddt": 0.4200356900691986,
    "complex_iplddt": 0.4200356900691986,
    "complex_pde": 2.602729558944702,
    "complex_ipde": 0.0,
    "chains_ptm": {
        "0": 0.2724267542362213
    },
    "pair_chains_iptm": {
        "0": {
            "0": 0.2724267542362213
        }
    }
}