{
    "confidence_score": 0.37592771649360657,
    "ptm": 0.24742045998573303,
    "iptm": 0.0,
    "ligand_iptm": 0.0,
    "protein_iptm": 0.0,
    "complex_plddt": 0.40805453062057495,
    "complex_iplddt": 0.40805453062057495,
    "complex_pde": 2.6216139793395996,
    "complex_ipde": 0.0,
    "chains_ptm": {
        "0": 0.24742045998573303
    },
    "pair_chains_iptm": {
        "0": {
            "0": 0.24742045998573303
        }
    }
}