{
    "confidence_score": 0.46215134859085083,
    "ptm": 0.42346787452697754,
    "iptm": 0.0,
    "ligand_iptm": 0.0,
    "protein_iptm": 0.0,
    "complex_plddt": 0.47182220220565796,
    "complex_iplddt": 0.47182220220565796,
    "complex_pde": 2.9091312885284424,
    "complex_ipde": 0.0,
    "chains_ptm": {
        "0": 0.42346787452697754
    },
    "pair_chains_iptm": {
        "0": {
            "0": 0.42346787452697754
        }
    }
}