{
    "confidence_score": 0.44581887125968933,
    "ptm": 0.3769717514514923,
    "iptm": 0.0,
    "ligand_iptm": 0.0,
    "protein_iptm": 0.0,
    "complex_plddt": 0.463030606508255,
    "complex_iplddt": 0.463030606508255,
    "complex_pde": 3.1743836402893066,
    "complex_ipde": 0.0,
    "chains_ptm": {
        "0": 0.3769717514514923
    },
    "pair_chains_iptm": {
        "0": {
            "0": 0.3769717514514923
        }
    }
}