{
    "confidence_score": 0.4367510974407196,
    "ptm": 0.3658215403556824,
    "iptm": 0.0,
    "ligand_iptm": 0.0,
    "protein_iptm": 0.0,
    "complex_plddt": 0.4544834792613983,
    "complex_iplddt": 0.4544834792613983,
    "complex_pde": 3.1531548500061035,
    "complex_ipde": 0.0,
    "chains_ptm": {
        "0": 0.3658215403556824
    },
    "pair_chains_iptm": {
        "0": {
            "0": 0.3658215403556824
        }
    }
}