{
    "confidence_score": 0.447457879781723,
    "ptm": 0.31025028228759766,
    "iptm": 0.0,
    "ligand_iptm": 0.0,
    "protein_iptm": 0.0,
    "complex_plddt": 0.48175981640815735,
    "complex_iplddt": 0.48175981640815735,
    "complex_pde": 2.0863239765167236,
    "complex_ipde": 0.0,
    "chains_ptm": {
        "0": 0.31025028228759766
    },
    "pair_chains_iptm": {
        "0": {
            "0": 0.31025028228759766
        }
    }
}