{
    "confidence_score": 0.39418601989746094,
    "ptm": 0.20927730202674866,
    "iptm": 0.0,
    "ligand_iptm": 0.0,
    "protein_iptm": 0.0,
    "complex_plddt": 0.4404132068157196,
    "complex_iplddt": 0.4404132068157196,
    "complex_pde": 3.1029155254364014,
    "complex_ipde": 0.0,
    "chains_ptm": {
        "0": 0.20927730202674866
    },
    "pair_chains_iptm": {
        "0": {
            "0": 0.20927730202674866
        }
    }
}