{
    "confidence_score": 0.4125652313232422,
    "ptm": 0.25181543827056885,
    "iptm": 0.0,
    "ligand_iptm": 0.0,
    "protein_iptm": 0.0,
    "complex_plddt": 0.45275264978408813,
    "complex_iplddt": 0.45275264978408813,
    "complex_pde": 2.942239761352539,
    "complex_ipde": 0.0,
    "chains_ptm": {
        "0": 0.25181543827056885
    },
    "pair_chains_iptm": {
        "0": {
            "0": 0.25181543827056885
        }
    }
}