{
    "confidence_score": 0.4154226779937744,
    "ptm": 0.2512448728084564,
    "iptm": 0.0,
    "ligand_iptm": 0.0,
    "protein_iptm": 0.0,
    "complex_plddt": 0.4564671516418457,
    "complex_iplddt": 0.4564671516418457,
    "complex_pde": 2.94766902923584,
    "complex_ipde": 0.0,
    "chains_ptm": {
        "0": 0.2512448728084564
    },
    "pair_chains_iptm": {
        "0": {
            "0": 0.2512448728084564
        }
    }
}