{
    "confidence_score": 0.3354806900024414,
    "ptm": 0.21677333116531372,
    "iptm": 0.0,
    "ligand_iptm": 0.0,
    "protein_iptm": 0.0,
    "complex_plddt": 0.36515751481056213,
    "complex_iplddt": 0.36515751481056213,
    "complex_pde": 3.230275869369507,
    "complex_ipde": 0.0,
    "chains_ptm": {
        "0": 0.21677333116531372
    },
    "pair_chains_iptm": {
        "0": {
            "0": 0.21677333116531372
        }
    }
}