{
    "confidence_score": 0.34259817004203796,
    "ptm": 0.21176362037658691,
    "iptm": 0.0,
    "ligand_iptm": 0.0,
    "protein_iptm": 0.0,
    "complex_plddt": 0.37530678510665894,
    "complex_iplddt": 0.37530678510665894,
    "complex_pde": 3.2280051708221436,
    "complex_ipde": 0.0,
    "chains_ptm": {
        "0": 0.21176362037658691
    },
    "pair_chains_iptm": {
        "0": {
            "0": 0.21176362037658691
        }
    }
}