{
    "confidence_score": 0.3587048649787903,
    "ptm": 0.23405423760414124,
    "iptm": 0.0,
    "ligand_iptm": 0.0,
    "protein_iptm": 0.0,
    "complex_plddt": 0.38986751437187195,
    "complex_iplddt": 0.38986751437187195,
    "complex_pde": 3.050713539123535,
    "complex_ipde": 0.0,
    "chains_ptm": {
        "0": 0.23405423760414124
    },
    "pair_chains_iptm": {
        "0": {
            "0": 0.23405423760414124
        }
    }
}