{
    "confidence_score": 0.3532581031322479,
    "ptm": 0.2554642856121063,
    "iptm": 0.0,
    "ligand_iptm": 0.0,
    "protein_iptm": 0.0,
    "complex_plddt": 0.37770652770996094,
    "complex_iplddt": 0.37770652770996094,
    "complex_pde": 3.047999620437622,
    "complex_ipde": 0.0,
    "chains_ptm": {
        "0": 0.2554642856121063
    },
    "pair_chains_iptm": {
        "0": {
            "0": 0.2554642856121063
        }
    }
}