{
    "confidence_score": 0.39259007573127747,
    "ptm": 0.24004678428173065,
    "iptm": 0.0,
    "ligand_iptm": 0.0,
    "protein_iptm": 0.0,
    "complex_plddt": 0.43072590231895447,
    "complex_iplddt": 0.43072590231895447,
    "complex_pde": 2.8457508087158203,
    "complex_ipde": 0.0,
    "chains_ptm": {
        "0": 0.24004678428173065
    },
    "pair_chains_iptm": {
        "0": {
            "0": 0.24004678428173065
        }
    }
}