{
    "confidence_score": 0.3818449378013611,
    "ptm": 0.233459010720253,
    "iptm": 0.0,
    "ligand_iptm": 0.0,
    "protein_iptm": 0.0,
    "complex_plddt": 0.4189414083957672,
    "complex_iplddt": 0.4189414083957672,
    "complex_pde": 2.976346969604492,
    "complex_ipde": 0.0,
    "chains_ptm": {
        "0": 0.233459010720253
    },
    "pair_chains_iptm": {
        "0": {
            "0": 0.233459010720253
        }
    }
}