{
    "confidence_score": 0.3831554353237152,
    "ptm": 0.2805677652359009,
    "iptm": 0.0,
    "ligand_iptm": 0.0,
    "protein_iptm": 0.0,
    "complex_plddt": 0.408802330493927,
    "complex_iplddt": 0.408802330493927,
    "complex_pde": 2.701904773712158,
    "complex_ipde": 0.0,
    "chains_ptm": {
        "0": 0.2805677652359009
    },
    "pair_chains_iptm": {
        "0": {
            "0": 0.2805677652359009
        }
    }
}