{
    "confidence_score": 0.39091455936431885,
    "ptm": 0.2379624992609024,
    "iptm": 0.0,
    "ligand_iptm": 0.0,
    "protein_iptm": 0.0,
    "complex_plddt": 0.42915257811546326,
    "complex_iplddt": 0.42915257811546326,
    "complex_pde": 2.8455607891082764,
    "complex_ipde": 0.0,
    "chains_ptm": {
        "0": 0.2379624992609024
    },
    "pair_chains_iptm": {
        "0": {
            "0": 0.2379624992609024
        }
    }
}