{
    "confidence_score": 0.4533332884311676,
    "ptm": 0.28767529129981995,
    "iptm": 0.0,
    "ligand_iptm": 0.0,
    "protein_iptm": 0.0,
    "complex_plddt": 0.49474775791168213,
    "complex_iplddt": 0.49474775791168213,
    "complex_pde": 2.4623169898986816,
    "complex_ipde": 0.0,
    "chains_ptm": {
        "0": 0.28767529129981995
    },
    "pair_chains_iptm": {
        "0": {
            "0": 0.28767529129981995
        }
    }
}