{
    "confidence_score": 0.4546639621257782,
    "ptm": 0.2991425096988678,
    "iptm": 0.0,
    "ligand_iptm": 0.0,
    "protein_iptm": 0.0,
    "complex_plddt": 0.4935442805290222,
    "complex_iplddt": 0.4935442805290222,
    "complex_pde": 2.463813066482544,
    "complex_ipde": 0.0,
    "chains_ptm": {
        "0": 0.2991425096988678
    },
    "pair_chains_iptm": {
        "0": {
            "0": 0.2991425096988678
        }
    }
}