{
    "confidence_score": 0.4920993745326996,
    "ptm": 0.4124971032142639,
    "iptm": 0.0,
    "ligand_iptm": 0.0,
    "protein_iptm": 0.0,
    "complex_plddt": 0.5119999647140503,
    "complex_iplddt": 0.5119999647140503,
    "complex_pde": 2.1398372650146484,
    "complex_ipde": 0.0,
    "chains_ptm": {
        "0": 0.4124971032142639
    },
    "pair_chains_iptm": {
        "0": {
            "0": 0.4124971032142639
        }
    }
}