{
    "confidence_score": 0.29465240240097046,
    "ptm": 0.13540266454219818,
    "iptm": 0.0,
    "ligand_iptm": 0.0,
    "protein_iptm": 0.0,
    "complex_plddt": 0.33446481823921204,
    "complex_iplddt": 0.33446481823921204,
    "complex_pde": 4.639856338500977,
    "complex_ipde": 0.0,
    "chains_ptm": {
        "0": 0.13540266454219818
    },
    "pair_chains_iptm": {
        "0": {
            "0": 0.13540266454219818
        }
    }
}