{
    "confidence_score": 0.2873588800430298,
    "ptm": 0.1258249133825302,
    "iptm": 0.0,
    "ligand_iptm": 0.0,
    "protein_iptm": 0.0,
    "complex_plddt": 0.3277423679828644,
    "complex_iplddt": 0.3277423679828644,
    "complex_pde": 4.958935737609863,
    "complex_ipde": 0.0,
    "chains_ptm": {
        "0": 0.1258249133825302
    },
    "pair_chains_iptm": {
        "0": {
            "0": 0.1258249133825302
        }
    }
}