{
    "confidence_score": 0.29408735036849976,
    "ptm": 0.12689398229122162,
    "iptm": 0.0,
    "ligand_iptm": 0.0,
    "protein_iptm": 0.0,
    "complex_plddt": 0.3358856737613678,
    "complex_iplddt": 0.3358856737613678,
    "complex_pde": 4.577239990234375,
    "complex_ipde": 0.0,
    "chains_ptm": {
        "0": 0.12689398229122162
    },
    "pair_chains_iptm": {
        "0": {
            "0": 0.12689398229122162
        }
    }
}