{
    "confidence_score": 0.5261191129684448,
    "ptm": 0.6228642463684082,
    "iptm": 0.0,
    "ligand_iptm": 0.0,
    "protein_iptm": 0.0,
    "complex_plddt": 0.5019327998161316,
    "complex_iplddt": 0.5019327998161316,
    "complex_pde": 1.2490510940551758,
    "complex_ipde": 0.0,
    "chains_ptm": {
        "0": 0.6228642463684082
    },
    "pair_chains_iptm": {
        "0": {
            "0": 0.6228642463684082
        }
    }
}