{
    "confidence_score": 0.48223838210105896,
    "ptm": 0.3950237035751343,
    "iptm": 0.0,
    "ligand_iptm": 0.0,
    "protein_iptm": 0.0,
    "complex_plddt": 0.5040420293807983,
    "complex_iplddt": 0.5040420293807983,
    "complex_pde": 2.0570180416107178,
    "complex_ipde": 0.0,
    "chains_ptm": {
        "0": 0.3950237035751343
    },
    "pair_chains_iptm": {
        "0": {
            "0": 0.3950237035751343
        }
    }
}