{
    "confidence_score": 0.47010746598243713,
    "ptm": 0.32327544689178467,
    "iptm": 0.0,
    "ligand_iptm": 0.0,
    "protein_iptm": 0.0,
    "complex_plddt": 0.5068154335021973,
    "complex_iplddt": 0.5068154335021973,
    "complex_pde": 2.2097082138061523,
    "complex_ipde": 0.0,
    "chains_ptm": {
        "0": 0.32327544689178467
    },
    "pair_chains_iptm": {
        "0": {
            "0": 0.32327544689178467
        }
    }
}