{
    "confidence_score": 0.3924665153026581,
    "ptm": 0.26224979758262634,
    "iptm": 0.0,
    "ligand_iptm": 0.0,
    "protein_iptm": 0.0,
    "complex_plddt": 0.42502066493034363,
    "complex_iplddt": 0.42502066493034363,
    "complex_pde": 2.6325812339782715,
    "complex_ipde": 0.0,
    "chains_ptm": {
        "0": 0.26224979758262634
    },
    "pair_chains_iptm": {
        "0": {
            "0": 0.26224979758262634
        }
    }
}