{
    "confidence_score": 0.42907020449638367,
    "ptm": 0.2959902286529541,
    "iptm": 0.0,
    "ligand_iptm": 0.0,
    "protein_iptm": 0.0,
    "complex_plddt": 0.4623401463031769,
    "complex_iplddt": 0.4623401463031769,
    "complex_pde": 2.4888105392456055,
    "complex_ipde": 0.0,
    "chains_ptm": {
        "0": 0.2959902286529541
    },
    "pair_chains_iptm": {
        "0": {
            "0": 0.2959902286529541
        }
    }
}