{
    "confidence_score": 0.43087300658226013,
    "ptm": 0.3024159371852875,
    "iptm": 0.0,
    "ligand_iptm": 0.0,
    "protein_iptm": 0.0,
    "complex_plddt": 0.4629873037338257,
    "complex_iplddt": 0.4629873037338257,
    "complex_pde": 2.416964530944824,
    "complex_ipde": 0.0,
    "chains_ptm": {
        "0": 0.3024159371852875
    },
    "pair_chains_iptm": {
        "0": {
            "0": 0.3024159371852875
        }
    }
}