{
    "confidence_score": 0.379258394241333,
    "ptm": 0.23837614059448242,
    "iptm": 0.0,
    "ligand_iptm": 0.0,
    "protein_iptm": 0.0,
    "complex_plddt": 0.41447895765304565,
    "complex_iplddt": 0.41447895765304565,
    "complex_pde": 3.008375883102417,
    "complex_ipde": 0.0,
    "chains_ptm": {
        "0": 0.23837614059448242
    },
    "pair_chains_iptm": {
        "0": {
            "0": 0.23837614059448242
        }
    }
}