{
    "confidence_score": 0.3527798652648926,
    "ptm": 0.23703019320964813,
    "iptm": 0.0,
    "ligand_iptm": 0.0,
    "protein_iptm": 0.0,
    "complex_plddt": 0.3817172944545746,
    "complex_iplddt": 0.3817172944545746,
    "complex_pde": 3.1860811710357666,
    "complex_ipde": 0.0,
    "chains_ptm": {
        "0": 0.23703019320964813
    },
    "pair_chains_iptm": {
        "0": {
            "0": 0.23703019320964813
        }
    }
}