{
    "confidence_score": 0.38619229197502136,
    "ptm": 0.2473912388086319,
    "iptm": 0.0,
    "ligand_iptm": 0.0,
    "protein_iptm": 0.0,
    "complex_plddt": 0.42089253664016724,
    "complex_iplddt": 0.42089253664016724,
    "complex_pde": 3.1267871856689453,
    "complex_ipde": 0.0,
    "chains_ptm": {
        "0": 0.2473912388086319
    },
    "pair_chains_iptm": {
        "0": {
            "0": 0.2473912388086319
        }
    }
}