{
    "confidence_score": 0.4112658202648163,
    "ptm": 0.26042136549949646,
    "iptm": 0.0,
    "ligand_iptm": 0.0,
    "protein_iptm": 0.0,
    "complex_plddt": 0.44897693395614624,
    "complex_iplddt": 0.44897693395614624,
    "complex_pde": 2.685737371444702,
    "complex_ipde": 0.0,
    "chains_ptm": {
        "0": 0.26042136549949646
    },
    "pair_chains_iptm": {
        "0": {
            "0": 0.26042136549949646
        }
    }
}