{
    "confidence_score": 0.4185085892677307,
    "ptm": 0.27143746614456177,
    "iptm": 0.0,
    "ligand_iptm": 0.0,
    "protein_iptm": 0.0,
    "complex_plddt": 0.45527634024620056,
    "complex_iplddt": 0.45527634024620056,
    "complex_pde": 2.6629209518432617,
    "complex_ipde": 0.0,
    "chains_ptm": {
        "0": 0.27143746614456177
    },
    "pair_chains_iptm": {
        "0": {
            "0": 0.27143746614456177
        }
    }
}