{
    "confidence_score": 0.4362628161907196,
    "ptm": 0.29325592517852783,
    "iptm": 0.0,
    "ligand_iptm": 0.0,
    "protein_iptm": 0.0,
    "complex_plddt": 0.47201454639434814,
    "complex_iplddt": 0.47201454639434814,
    "complex_pde": 2.4898030757904053,
    "complex_ipde": 0.0,
    "chains_ptm": {
        "0": 0.29325592517852783
    },
    "pair_chains_iptm": {
        "0": {
            "0": 0.29325592517852783
        }
    }
}