{
    "confidence_score": 0.4036918580532074,
    "ptm": 0.2847382426261902,
    "iptm": 0.0,
    "ligand_iptm": 0.0,
    "protein_iptm": 0.0,
    "complex_plddt": 0.4334302842617035,
    "complex_iplddt": 0.4334302842617035,
    "complex_pde": 2.7188282012939453,
    "complex_ipde": 0.0,
    "chains_ptm": {
        "0": 0.2847382426261902
    },
    "pair_chains_iptm": {
        "0": {
            "0": 0.2847382426261902
        }
    }
}