{
    "confidence_score": 0.4122641980648041,
    "ptm": 0.3030441403388977,
    "iptm": 0.0,
    "ligand_iptm": 0.0,
    "protein_iptm": 0.0,
    "complex_plddt": 0.4395692050457001,
    "complex_iplddt": 0.4395692050457001,
    "complex_pde": 2.880605459213257,
    "complex_ipde": 0.0,
    "chains_ptm": {
        "0": 0.3030441403388977
    },
    "pair_chains_iptm": {
        "0": {
            "0": 0.3030441403388977
        }
    }
}