{
    "confidence_score": 0.392556756734848,
    "ptm": 0.2752746641635895,
    "iptm": 0.0,
    "ligand_iptm": 0.0,
    "protein_iptm": 0.0,
    "complex_plddt": 0.42187729477882385,
    "complex_iplddt": 0.42187729477882385,
    "complex_pde": 2.992812156677246,
    "complex_ipde": 0.0,
    "chains_ptm": {
        "0": 0.2752746641635895
    },
    "pair_chains_iptm": {
        "0": {
            "0": 0.2752746641635895
        }
    }
}