{
    "confidence_score": 0.39357513189315796,
    "ptm": 0.24019141495227814,
    "iptm": 0.0,
    "ligand_iptm": 0.0,
    "protein_iptm": 0.0,
    "complex_plddt": 0.4319210350513458,
    "complex_iplddt": 0.4319210350513458,
    "complex_pde": 2.873106002807617,
    "complex_ipde": 0.0,
    "chains_ptm": {
        "0": 0.24019141495227814
    },
    "pair_chains_iptm": {
        "0": {
            "0": 0.24019141495227814
        }
    }
}