{
    "confidence_score": 0.38592061400413513,
    "ptm": 0.24558304250240326,
    "iptm": 0.0,
    "ligand_iptm": 0.0,
    "protein_iptm": 0.0,
    "complex_plddt": 0.421004980802536,
    "complex_iplddt": 0.421004980802536,
    "complex_pde": 3.0329880714416504,
    "complex_ipde": 0.0,
    "chains_ptm": {
        "0": 0.24558304250240326
    },
    "pair_chains_iptm": {
        "0": {
            "0": 0.24558304250240326
        }
    }
}