{
    "confidence_score": 0.37762221693992615,
    "ptm": 0.23269417881965637,
    "iptm": 0.0,
    "ligand_iptm": 0.0,
    "protein_iptm": 0.0,
    "complex_plddt": 0.4138542413711548,
    "complex_iplddt": 0.4138542413711548,
    "complex_pde": 3.0646612644195557,
    "complex_ipde": 0.0,
    "chains_ptm": {
        "0": 0.23269417881965637
    },
    "pair_chains_iptm": {
        "0": {
            "0": 0.23269417881965637
        }
    }
}