{
    "confidence_score": 0.4561988413333893,
    "ptm": 0.3419323265552521,
    "iptm": 0.0,
    "ligand_iptm": 0.0,
    "protein_iptm": 0.0,
    "complex_plddt": 0.4847654700279236,
    "complex_iplddt": 0.4847654700279236,
    "complex_pde": 2.938119411468506,
    "complex_ipde": 0.0,
    "chains_ptm": {
        "0": 0.3419323265552521
    },
    "pair_chains_iptm": {
        "0": {
            "0": 0.3419323265552521
        }
    }
}