{
    "confidence_score": 0.5324601531028748,
    "ptm": 0.3910805583000183,
    "iptm": 0.0,
    "ligand_iptm": 0.0,
    "protein_iptm": 0.0,
    "complex_plddt": 0.5678049921989441,
    "complex_iplddt": 0.5678049921989441,
    "complex_pde": 1.6150771379470825,
    "complex_ipde": 0.0,
    "chains_ptm": {
        "0": 0.3910805583000183
    },
    "pair_chains_iptm": {
        "0": {
            "0": 0.3910805583000183
        }
    }
}