{
    "confidence_score": 0.52527916431427,
    "ptm": 0.5337967276573181,
    "iptm": 0.0,
    "ligand_iptm": 0.0,
    "protein_iptm": 0.0,
    "complex_plddt": 0.5231497287750244,
    "complex_iplddt": 0.5231497287750244,
    "complex_pde": 1.2362555265426636,
    "complex_ipde": 0.0,
    "chains_ptm": {
        "0": 0.5337967276573181
    },
    "pair_chains_iptm": {
        "0": {
            "0": 0.5337967276573181
        }
    }
}