{
    "confidence_score": 0.5439983606338501,
    "ptm": 0.5021041631698608,
    "iptm": 0.0,
    "ligand_iptm": 0.0,
    "protein_iptm": 0.0,
    "complex_plddt": 0.5544719099998474,
    "complex_iplddt": 0.5544719099998474,
    "complex_pde": 1.3011568784713745,
    "complex_ipde": 0.0,
    "chains_ptm": {
        "0": 0.5021041631698608
    },
    "pair_chains_iptm": {
        "0": {
            "0": 0.5021041631698608
        }
    }
}