{
    "confidence_score": 0.4036104679107666,
    "ptm": 0.3236929476261139,
    "iptm": 0.0,
    "ligand_iptm": 0.0,
    "protein_iptm": 0.0,
    "complex_plddt": 0.4235898554325104,
    "complex_iplddt": 0.4235898554325104,
    "complex_pde": 3.053469657897949,
    "complex_ipde": 0.0,
    "chains_ptm": {
        "0": 0.3236929476261139
    },
    "pair_chains_iptm": {
        "0": {
            "0": 0.3236929476261139
        }
    }
}