{
    "confidence_score": 0.3798660933971405,
    "ptm": 0.3131004273891449,
    "iptm": 0.0,
    "ligand_iptm": 0.0,
    "protein_iptm": 0.0,
    "complex_plddt": 0.3965575098991394,
    "complex_iplddt": 0.3965575098991394,
    "complex_pde": 3.2749745845794678,
    "complex_ipde": 0.0,
    "chains_ptm": {
        "0": 0.3131004273891449
    },
    "pair_chains_iptm": {
        "0": {
            "0": 0.3131004273891449
        }
    }
}