{
    "confidence_score": 0.37312760949134827,
    "ptm": 0.2414819598197937,
    "iptm": 0.0,
    "ligand_iptm": 0.0,
    "protein_iptm": 0.0,
    "complex_plddt": 0.4060390293598175,
    "complex_iplddt": 0.4060390293598175,
    "complex_pde": 3.375295877456665,
    "complex_ipde": 0.0,
    "chains_ptm": {
        "0": 0.2414819598197937
    },
    "pair_chains_iptm": {
        "0": {
            "0": 0.2414819598197937
        }
    }
}