{
    "confidence_score": 0.41798004508018494,
    "ptm": 0.29793545603752136,
    "iptm": 0.0,
    "ligand_iptm": 0.0,
    "protein_iptm": 0.0,
    "complex_plddt": 0.4479912221431732,
    "complex_iplddt": 0.4479912221431732,
    "complex_pde": 2.5293169021606445,
    "complex_ipde": 0.0,
    "chains_ptm": {
        "0": 0.29793545603752136
    },
    "pair_chains_iptm": {
        "0": {
            "0": 0.29793545603752136
        }
    }
}