{
    "confidence_score": 0.4358229637145996,
    "ptm": 0.2973228693008423,
    "iptm": 0.0,
    "ligand_iptm": 0.0,
    "protein_iptm": 0.0,
    "complex_plddt": 0.47044801712036133,
    "complex_iplddt": 0.47044801712036133,
    "complex_pde": 2.5504167079925537,
    "complex_ipde": 0.0,
    "chains_ptm": {
        "0": 0.2973228693008423
    },
    "pair_chains_iptm": {
        "0": {
            "0": 0.2973228693008423
        }
    }
}