{
    "confidence_score": 0.4724625051021576,
    "ptm": 0.4281900227069855,
    "iptm": 0.0,
    "ligand_iptm": 0.0,
    "protein_iptm": 0.0,
    "complex_plddt": 0.48353061079978943,
    "complex_iplddt": 0.48353061079978943,
    "complex_pde": 2.0959417819976807,
    "complex_ipde": 0.0,
    "chains_ptm": {
        "0": 0.4281900227069855
    },
    "pair_chains_iptm": {
        "0": {
            "0": 0.4281900227069855
        }
    }
}