{
    "confidence_score": 0.3351665139198303,
    "ptm": 0.21418620645999908,
    "iptm": 0.0,
    "ligand_iptm": 0.0,
    "protein_iptm": 0.0,
    "complex_plddt": 0.36541157960891724,
    "complex_iplddt": 0.36541157960891724,
    "complex_pde": 3.8400497436523438,
    "complex_ipde": 0.0,
    "chains_ptm": {
        "0": 0.21418620645999908
    },
    "pair_chains_iptm": {
        "0": {
            "0": 0.21418620645999908
        }
    }
}