{
    "confidence_score": 0.35321494936943054,
    "ptm": 0.22909151017665863,
    "iptm": 0.0,
    "ligand_iptm": 0.0,
    "protein_iptm": 0.0,
    "complex_plddt": 0.38424578309059143,
    "complex_iplddt": 0.38424578309059143,
    "complex_pde": 3.6495275497436523,
    "complex_ipde": 0.0,
    "chains_ptm": {
        "0": 0.22909151017665863
    },
    "pair_chains_iptm": {
        "0": {
            "0": 0.22909151017665863
        }
    }
}