{
    "confidence_score": 0.33455654978752136,
    "ptm": 0.20448008179664612,
    "iptm": 0.0,
    "ligand_iptm": 0.0,
    "protein_iptm": 0.0,
    "complex_plddt": 0.367075651884079,
    "complex_iplddt": 0.367075651884079,
    "complex_pde": 3.6532046794891357,
    "complex_ipde": 0.0,
    "chains_ptm": {
        "0": 0.20448008179664612
    },
    "pair_chains_iptm": {
        "0": {
            "0": 0.20448008179664612
        }
    }
}