{
    "confidence_score": 0.3422035574913025,
    "ptm": 0.24104489386081696,
    "iptm": 0.0,
    "ligand_iptm": 0.0,
    "protein_iptm": 0.0,
    "complex_plddt": 0.367493212223053,
    "complex_iplddt": 0.367493212223053,
    "complex_pde": 3.639887571334839,
    "complex_ipde": 0.0,
    "chains_ptm": {
        "0": 0.24104489386081696
    },
    "pair_chains_iptm": {
        "0": {
            "0": 0.24104489386081696
        }
    }
}