{
    "confidence_score": 0.44272908568382263,
    "ptm": 0.2782772183418274,
    "iptm": 0.0,
    "ligand_iptm": 0.0,
    "protein_iptm": 0.0,
    "complex_plddt": 0.48384207487106323,
    "complex_iplddt": 0.48384207487106323,
    "complex_pde": 2.1006669998168945,
    "complex_ipde": 0.0,
    "chains_ptm": {
        "0": 0.2782772183418274
    },
    "pair_chains_iptm": {
        "0": {
            "0": 0.2782772183418274
        }
    }
}