{
    "confidence_score": 0.4841577708721161,
    "ptm": 0.3546665906906128,
    "iptm": 0.0,
    "ligand_iptm": 0.0,
    "protein_iptm": 0.0,
    "complex_plddt": 0.5165305137634277,
    "complex_iplddt": 0.5165305137634277,
    "complex_pde": 1.9706168174743652,
    "complex_ipde": 0.0,
    "chains_ptm": {
        "0": 0.3546665906906128
    },
    "pair_chains_iptm": {
        "0": {
            "0": 0.3546665906906128
        }
    }
}