{
    "confidence_score": 0.4603598117828369,
    "ptm": 0.33805856108665466,
    "iptm": 0.0,
    "ligand_iptm": 0.0,
    "protein_iptm": 0.0,
    "complex_plddt": 0.49093514680862427,
    "complex_iplddt": 0.49093514680862427,
    "complex_pde": 2.0902843475341797,
    "complex_ipde": 0.0,
    "chains_ptm": {
        "0": 0.33805856108665466
    },
    "pair_chains_iptm": {
        "0": {
            "0": 0.33805856108665466
        }
    }
}