{
    "confidence_score": 0.40988990664482117,
    "ptm": 0.2775251865386963,
    "iptm": 0.0,
    "ligand_iptm": 0.0,
    "protein_iptm": 0.0,
    "complex_plddt": 0.4429810345172882,
    "complex_iplddt": 0.4429810345172882,
    "complex_pde": 2.801985502243042,
    "complex_ipde": 0.0,
    "chains_ptm": {
        "0": 0.2775251865386963
    },
    "pair_chains_iptm": {
        "0": {
            "0": 0.2775251865386963
        }
    }
}