{
    "confidence_score": 0.3955255150794983,
    "ptm": 0.25526970624923706,
    "iptm": 0.0,
    "ligand_iptm": 0.0,
    "protein_iptm": 0.0,
    "complex_plddt": 0.4305894374847412,
    "complex_iplddt": 0.4305894374847412,
    "complex_pde": 2.881751537322998,
    "complex_ipde": 0.0,
    "chains_ptm": {
        "0": 0.25526970624923706
    },
    "pair_chains_iptm": {
        "0": {
            "0": 0.25526970624923706
        }
    }
}