{
    "confidence_score": 0.4150157570838928,
    "ptm": 0.27515682578086853,
    "iptm": 0.0,
    "ligand_iptm": 0.0,
    "protein_iptm": 0.0,
    "complex_plddt": 0.4499804675579071,
    "complex_iplddt": 0.4499804675579071,
    "complex_pde": 2.8435184955596924,
    "complex_ipde": 0.0,
    "chains_ptm": {
        "0": 0.27515682578086853
    },
    "pair_chains_iptm": {
        "0": {
            "0": 0.27515682578086853
        }
    }
}