{
    "confidence_score": 0.39518293738365173,
    "ptm": 0.2629653513431549,
    "iptm": 0.0,
    "ligand_iptm": 0.0,
    "protein_iptm": 0.0,
    "complex_plddt": 0.42823734879493713,
    "complex_iplddt": 0.42823734879493713,
    "complex_pde": 2.8835604190826416,
    "complex_ipde": 0.0,
    "chains_ptm": {
        "0": 0.2629653513431549
    },
    "pair_chains_iptm": {
        "0": {
            "0": 0.2629653513431549
        }
    }
}