{
    "confidence_score": 0.40519434213638306,
    "ptm": 0.3855471909046173,
    "iptm": 0.0,
    "ligand_iptm": 0.0,
    "protein_iptm": 0.0,
    "complex_plddt": 0.4101060926914215,
    "complex_iplddt": 0.4101060926914215,
    "complex_pde": 2.2934377193450928,
    "complex_ipde": 0.0,
    "chains_ptm": {
        "0": 0.3855471909046173
    },
    "pair_chains_iptm": {
        "0": {
            "0": 0.3855471909046173
        }
    }
}