{
    "confidence_score": 0.42817750573158264,
    "ptm": 0.2553771138191223,
    "iptm": 0.0,
    "ligand_iptm": 0.0,
    "protein_iptm": 0.0,
    "complex_plddt": 0.47137758135795593,
    "complex_iplddt": 0.47137758135795593,
    "complex_pde": 2.4225594997406006,
    "complex_ipde": 0.0,
    "chains_ptm": {
        "0": 0.2553771138191223
    },
    "pair_chains_iptm": {
        "0": {
            "0": 0.2553771138191223
        }
    }
}