{
    "confidence_score": 0.34289106726646423,
    "ptm": 0.22940954566001892,
    "iptm": 0.0,
    "ligand_iptm": 0.0,
    "protein_iptm": 0.0,
    "complex_plddt": 0.3712614178657532,
    "complex_iplddt": 0.3712614178657532,
    "complex_pde": 3.4199752807617188,
    "complex_ipde": 0.0,
    "chains_ptm": {
        "0": 0.22940954566001892
    },
    "pair_chains_iptm": {
        "0": {
            "0": 0.22940954566001892
        }
    }
}