{
    "confidence_score": 0.35208842158317566,
    "ptm": 0.3490675091743469,
    "iptm": 0.0,
    "ligand_iptm": 0.0,
    "protein_iptm": 0.0,
    "complex_plddt": 0.35284364223480225,
    "complex_iplddt": 0.35284364223480225,
    "complex_pde": 3.175053119659424,
    "complex_ipde": 0.0,
    "chains_ptm": {
        "0": 0.3490675091743469
    },
    "pair_chains_iptm": {
        "0": {
            "0": 0.3490675091743469
        }
    }
}