{
    "confidence_score": 0.3582436442375183,
    "ptm": 0.24704350531101227,
    "iptm": 0.0,
    "ligand_iptm": 0.0,
    "protein_iptm": 0.0,
    "complex_plddt": 0.3860436677932739,
    "complex_iplddt": 0.3860436677932739,
    "complex_pde": 3.5020625591278076,
    "complex_ipde": 0.0,
    "chains_ptm": {
        "0": 0.24704350531101227
    },
    "pair_chains_iptm": {
        "0": {
            "0": 0.24704350531101227
        }
    }
}