{
    "confidence_score": 0.3453468978404999,
    "ptm": 0.25876370072364807,
    "iptm": 0.0,
    "ligand_iptm": 0.0,
    "protein_iptm": 0.0,
    "complex_plddt": 0.366992712020874,
    "complex_iplddt": 0.366992712020874,
    "complex_pde": 3.6200430393218994,
    "complex_ipde": 0.0,
    "chains_ptm": {
        "0": 0.25876370072364807
    },
    "pair_chains_iptm": {
        "0": {
            "0": 0.25876370072364807
        }
    }
}