{
    "confidence_score": 0.34783071279525757,
    "ptm": 0.2552802562713623,
    "iptm": 0.0,
    "ligand_iptm": 0.0,
    "protein_iptm": 0.0,
    "complex_plddt": 0.3709683120250702,
    "complex_iplddt": 0.3709683120250702,
    "complex_pde": 3.5745160579681396,
    "complex_ipde": 0.0,
    "chains_ptm": {
        "0": 0.2552802562713623
    },
    "pair_chains_iptm": {
        "0": {
            "0": 0.2552802562713623
        }
    }
}