{
    "confidence_score": 0.3811468183994293,
    "ptm": 0.2221481204032898,
    "iptm": 0.0,
    "ligand_iptm": 0.0,
    "protein_iptm": 0.0,
    "complex_plddt": 0.4208965003490448,
    "complex_iplddt": 0.4208965003490448,
    "complex_pde": 2.9818997383117676,
    "complex_ipde": 0.0,
    "chains_ptm": {
        "0": 0.2221481204032898
    },
    "pair_chains_iptm": {
        "0": {
            "0": 0.2221481204032898
        }
    }
}