{
    "confidence_score": 0.39943087100982666,
    "ptm": 0.20571103692054749,
    "iptm": 0.0,
    "ligand_iptm": 0.0,
    "protein_iptm": 0.0,
    "complex_plddt": 0.44786083698272705,
    "complex_iplddt": 0.44786083698272705,
    "complex_pde": 2.8117780685424805,
    "complex_ipde": 0.0,
    "chains_ptm": {
        "0": 0.20571103692054749
    },
    "pair_chains_iptm": {
        "0": {
            "0": 0.20571103692054749
        }
    }
}