{
    "confidence_score": 0.4058693051338196,
    "ptm": 0.25147029757499695,
    "iptm": 0.0,
    "ligand_iptm": 0.0,
    "protein_iptm": 0.0,
    "complex_plddt": 0.44446906447410583,
    "complex_iplddt": 0.44446906447410583,
    "complex_pde": 2.8036372661590576,
    "complex_ipde": 0.0,
    "chains_ptm": {
        "0": 0.25147029757499695
    },
    "pair_chains_iptm": {
        "0": {
            "0": 0.25147029757499695
        }
    }
}