{
    "confidence_score": 0.32797905802726746,
    "ptm": 0.18853574991226196,
    "iptm": 0.0,
    "ligand_iptm": 0.0,
    "protein_iptm": 0.0,
    "complex_plddt": 0.36283984780311584,
    "complex_iplddt": 0.36283984780311584,
    "complex_pde": 3.628892183303833,
    "complex_ipde": 0.0,
    "chains_ptm": {
        "0": 0.18853574991226196
    },
    "pair_chains_iptm": {
        "0": {
            "0": 0.18853574991226196
        }
    }
}