{
    "confidence_score": 0.32640334963798523,
    "ptm": 0.18518787622451782,
    "iptm": 0.0,
    "ligand_iptm": 0.0,
    "protein_iptm": 0.0,
    "complex_plddt": 0.3617072105407715,
    "complex_iplddt": 0.3617072105407715,
    "complex_pde": 3.5098745822906494,
    "complex_ipde": 0.0,
    "chains_ptm": {
        "0": 0.18518787622451782
    },
    "pair_chains_iptm": {
        "0": {
            "0": 0.18518787622451782
        }
    }
}