{
    "confidence_score": 0.29623761773109436,
    "ptm": 0.19407615065574646,
    "iptm": 0.0,
    "ligand_iptm": 0.0,
    "protein_iptm": 0.0,
    "complex_plddt": 0.32177796959877014,
    "complex_iplddt": 0.32177796959877014,
    "complex_pde": 4.01201868057251,
    "complex_ipde": 0.0,
    "chains_ptm": {
        "0": 0.19407615065574646
    },
    "pair_chains_iptm": {
        "0": {
            "0": 0.19407615065574646
        }
    }
}