{
    "confidence_score": 0.32296863198280334,
    "ptm": 0.18137557804584503,
    "iptm": 0.0,
    "ligand_iptm": 0.0,
    "protein_iptm": 0.0,
    "complex_plddt": 0.35836687684059143,
    "complex_iplddt": 0.35836687684059143,
    "complex_pde": 3.730168104171753,
    "complex_ipde": 0.0,
    "chains_ptm": {
        "0": 0.18137557804584503
    },
    "pair_chains_iptm": {
        "0": {
            "0": 0.18137557804584503
        }
    }
}