{
    "confidence_score": 0.32464465498924255,
    "ptm": 0.18425801396369934,
    "iptm": 0.0,
    "ligand_iptm": 0.0,
    "protein_iptm": 0.0,
    "complex_plddt": 0.35974130034446716,
    "complex_iplddt": 0.35974130034446716,
    "complex_pde": 3.5655274391174316,
    "complex_ipde": 0.0,
    "chains_ptm": {
        "0": 0.18425801396369934
    },
    "pair_chains_iptm": {
        "0": {
            "0": 0.18425801396369934
        }
    }
}