{
    "confidence_score": 0.3457637429237366,
    "ptm": 0.21188285946846008,
    "iptm": 0.0,
    "ligand_iptm": 0.0,
    "protein_iptm": 0.0,
    "complex_plddt": 0.3792339563369751,
    "complex_iplddt": 0.3792339563369751,
    "complex_pde": 2.8781795501708984,
    "complex_ipde": 0.0,
    "chains_ptm": {
        "0": 0.21188285946846008
    },
    "pair_chains_iptm": {
        "0": {
            "0": 0.21188285946846008
        }
    }
}