{
    "confidence_score": 0.3790951669216156,
    "ptm": 0.234401136636734,
    "iptm": 0.0,
    "ligand_iptm": 0.0,
    "protein_iptm": 0.0,
    "complex_plddt": 0.4152686595916748,
    "complex_iplddt": 0.4152686595916748,
    "complex_pde": 2.7230818271636963,
    "complex_ipde": 0.0,
    "chains_ptm": {
        "0": 0.234401136636734
    },
    "pair_chains_iptm": {
        "0": {
            "0": 0.234401136636734
        }
    }
}