{
    "confidence_score": 0.36526063084602356,
    "ptm": 0.2167702168226242,
    "iptm": 0.0,
    "ligand_iptm": 0.0,
    "protein_iptm": 0.0,
    "complex_plddt": 0.4023832380771637,
    "complex_iplddt": 0.4023832380771637,
    "complex_pde": 2.948697805404663,
    "complex_ipde": 0.0,
    "chains_ptm": {
        "0": 0.2167702168226242
    },
    "pair_chains_iptm": {
        "0": {
            "0": 0.2167702168226242
        }
    }
}