{
    "confidence_score": 0.5391386151313782,
    "ptm": 0.32668063044548035,
    "iptm": 0.0,
    "ligand_iptm": 0.0,
    "protein_iptm": 0.0,
    "complex_plddt": 0.5922530889511108,
    "complex_iplddt": 0.5922530889511108,
    "complex_pde": 1.7945047616958618,
    "complex_ipde": 0.0,
    "chains_ptm": {
        "0": 0.32668063044548035
    },
    "pair_chains_iptm": {
        "0": {
            "0": 0.32668063044548035
        }
    }
}