{
    "confidence_score": 0.6344133019447327,
    "ptm": 0.4285259246826172,
    "iptm": 0.0,
    "ligand_iptm": 0.0,
    "protein_iptm": 0.0,
    "complex_plddt": 0.6858851313591003,
    "complex_iplddt": 0.6858851313591003,
    "complex_pde": 0.8540863990783691,
    "complex_ipde": 0.0,
    "chains_ptm": {
        "0": 0.4285259246826172
    },
    "pair_chains_iptm": {
        "0": {
            "0": 0.4285259246826172
        }
    }
}