{
    "confidence_score": 0.6370559930801392,
    "ptm": 0.43162450194358826,
    "iptm": 0.0,
    "ligand_iptm": 0.0,
    "protein_iptm": 0.0,
    "complex_plddt": 0.6884138584136963,
    "complex_iplddt": 0.6884138584136963,
    "complex_pde": 0.8536317348480225,
    "complex_ipde": 0.0,
    "chains_ptm": {
        "0": 0.43162450194358826
    },
    "pair_chains_iptm": {
        "0": {
            "0": 0.43162450194358826
        }
    }
}