{
    "confidence_score": 0.6349850296974182,
    "ptm": 0.428708016872406,
    "iptm": 0.0,
    "ligand_iptm": 0.0,
    "protein_iptm": 0.0,
    "complex_plddt": 0.6865542531013489,
    "complex_iplddt": 0.6865542531013489,
    "complex_pde": 0.8628716468811035,
    "complex_ipde": 0.0,
    "chains_ptm": {
        "0": 0.428708016872406
    },
    "pair_chains_iptm": {
        "0": {
            "0": 0.428708016872406
        }
    }
}