{
    "confidence_score": 0.5603042840957642,
    "ptm": 0.49056166410446167,
    "iptm": 0.0,
    "ligand_iptm": 0.0,
    "protein_iptm": 0.0,
    "complex_plddt": 0.5777398943901062,
    "complex_iplddt": 0.5777398943901062,
    "complex_pde": 1.753326177597046,
    "complex_ipde": 0.0,
    "chains_ptm": {
        "0": 0.49056166410446167
    },
    "pair_chains_iptm": {
        "0": {
            "0": 0.49056166410446167
        }
    }
}