{
    "confidence_score": 0.5427095293998718,
    "ptm": 0.4511265158653259,
    "iptm": 0.0,
    "ligand_iptm": 0.0,
    "protein_iptm": 0.0,
    "complex_plddt": 0.5656052231788635,
    "complex_iplddt": 0.5656052231788635,
    "complex_pde": 1.7913645505905151,
    "complex_ipde": 0.0,
    "chains_ptm": {
        "0": 0.4511265158653259
    },
    "pair_chains_iptm": {
        "0": {
            "0": 0.4511265158653259
        }
    }
}