{
    "confidence_score": 0.5479888319969177,
    "ptm": 0.48193231225013733,
    "iptm": 0.0,
    "ligand_iptm": 0.0,
    "protein_iptm": 0.0,
    "complex_plddt": 0.5645029544830322,
    "complex_iplddt": 0.5645029544830322,
    "complex_pde": 1.7583963871002197,
    "complex_ipde": 0.0,
    "chains_ptm": {
        "0": 0.48193231225013733
    },
    "pair_chains_iptm": {
        "0": {
            "0": 0.48193231225013733
        }
    }
}