{
    "confidence_score": 0.5515925288200378,
    "ptm": 0.48834729194641113,
    "iptm": 0.0,
    "ligand_iptm": 0.0,
    "protein_iptm": 0.0,
    "complex_plddt": 0.5674038529396057,
    "complex_iplddt": 0.5674038529396057,
    "complex_pde": 1.8178720474243164,
    "complex_ipde": 0.0,
    "chains_ptm": {
        "0": 0.48834729194641113
    },
    "pair_chains_iptm": {
        "0": {
            "0": 0.48834729194641113
        }
    }
}