{
    "confidence_score": 0.5401741862297058,
    "ptm": 0.47994112968444824,
    "iptm": 0.0,
    "ligand_iptm": 0.0,
    "protein_iptm": 0.0,
    "complex_plddt": 0.5552324056625366,
    "complex_iplddt": 0.5552324056625366,
    "complex_pde": 1.8399112224578857,
    "complex_ipde": 0.0,
    "chains_ptm": {
        "0": 0.47994112968444824
    },
    "pair_chains_iptm": {
        "0": {
            "0": 0.47994112968444824
        }
    }
}