{
    "confidence_score": 0.4991583824157715,
    "ptm": 0.3621188700199127,
    "iptm": 0.0,
    "ligand_iptm": 0.0,
    "protein_iptm": 0.0,
    "complex_plddt": 0.5334182381629944,
    "complex_iplddt": 0.5334182381629944,
    "complex_pde": 1.6982940435409546,
    "complex_ipde": 0.0,
    "chains_ptm": {
        "0": 0.3621188700199127
    },
    "pair_chains_iptm": {
        "0": {
            "0": 0.3621188700199127
        }
    }
}