{
    "confidence_score": 0.5230612754821777,
    "ptm": 0.47391650080680847,
    "iptm": 0.0,
    "ligand_iptm": 0.0,
    "protein_iptm": 0.0,
    "complex_plddt": 0.5353474617004395,
    "complex_iplddt": 0.5353474617004395,
    "complex_pde": 1.335539698600769,
    "complex_ipde": 0.0,
    "chains_ptm": {
        "0": 0.47391650080680847
    },
    "pair_chains_iptm": {
        "0": {
            "0": 0.47391650080680847
        }
    }
}