{
    "confidence_score": 0.506248950958252,
    "ptm": 0.37632113695144653,
    "iptm": 0.0,
    "ligand_iptm": 0.0,
    "protein_iptm": 0.0,
    "complex_plddt": 0.5387309193611145,
    "complex_iplddt": 0.5387309193611145,
    "complex_pde": 1.6430628299713135,
    "complex_ipde": 0.0,
    "chains_ptm": {
        "0": 0.37632113695144653
    },
    "pair_chains_iptm": {
        "0": {
            "0": 0.37632113695144653
        }
    }
}