{
    "confidence_score": 0.5000859498977661,
    "ptm": 0.3615742027759552,
    "iptm": 0.0,
    "ligand_iptm": 0.0,
    "protein_iptm": 0.0,
    "complex_plddt": 0.534713864326477,
    "complex_iplddt": 0.534713864326477,
    "complex_pde": 1.6996228694915771,
    "complex_ipde": 0.0,
    "chains_ptm": {
        "0": 0.3615742027759552
    },
    "pair_chains_iptm": {
        "0": {
            "0": 0.3615742027759552
        }
    }
}