{
    "confidence_score": 0.4563402831554413,
    "ptm": 0.34250161051750183,
    "iptm": 0.0,
    "ligand_iptm": 0.0,
    "protein_iptm": 0.0,
    "complex_plddt": 0.48479992151260376,
    "complex_iplddt": 0.48479992151260376,
    "complex_pde": 2.1975953578948975,
    "complex_ipde": 0.0,
    "chains_ptm": {
        "0": 0.34250161051750183
    },
    "pair_chains_iptm": {
        "0": {
            "0": 0.34250161051750183
        }
    }
}