{
    "confidence_score": 0.37964195013046265,
    "ptm": 0.24443365633487701,
    "iptm": 0.0,
    "ligand_iptm": 0.0,
    "protein_iptm": 0.0,
    "complex_plddt": 0.41344401240348816,
    "complex_iplddt": 0.41344401240348816,
    "complex_pde": 2.7145893573760986,
    "complex_ipde": 0.0,
    "chains_ptm": {
        "0": 0.24443365633487701
    },
    "pair_chains_iptm": {
        "0": {
            "0": 0.24443365633487701
        }
    }
}