{
    "confidence_score": 0.38932085037231445,
    "ptm": 0.27828478813171387,
    "iptm": 0.0,
    "ligand_iptm": 0.0,
    "protein_iptm": 0.0,
    "complex_plddt": 0.4170798659324646,
    "complex_iplddt": 0.4170798659324646,
    "complex_pde": 2.6539714336395264,
    "complex_ipde": 0.0,
    "chains_ptm": {
        "0": 0.27828478813171387
    },
    "pair_chains_iptm": {
        "0": {
            "0": 0.27828478813171387
        }
    }
}