{
    "confidence_score": 0.43188419938087463,
    "ptm": 0.3774997591972351,
    "iptm": 0.0,
    "ligand_iptm": 0.0,
    "protein_iptm": 0.0,
    "complex_plddt": 0.4454803168773651,
    "complex_iplddt": 0.4454803168773651,
    "complex_pde": 2.2964866161346436,
    "complex_ipde": 0.0,
    "chains_ptm": {
        "0": 0.3774997591972351
    },
    "pair_chains_iptm": {
        "0": {
            "0": 0.3774997591972351
        }
    }
}