{
    "confidence_score": 0.40015968680381775,
    "ptm": 0.2516982853412628,
    "iptm": 0.0,
    "ligand_iptm": 0.0,
    "protein_iptm": 0.0,
    "complex_plddt": 0.4372750222682953,
    "complex_iplddt": 0.4372750222682953,
    "complex_pde": 2.62943434715271,
    "complex_ipde": 0.0,
    "chains_ptm": {
        "0": 0.2516982853412628
    },
    "pair_chains_iptm": {
        "0": {
            "0": 0.2516982853412628
        }
    }
}