{
    "confidence_score": 0.5219129323959351,
    "ptm": 0.4654456079006195,
    "iptm": 0.0,
    "ligand_iptm": 0.0,
    "protein_iptm": 0.0,
    "complex_plddt": 0.5360297560691833,
    "complex_iplddt": 0.5360297560691833,
    "complex_pde": 1.7550169229507446,
    "complex_ipde": 0.0,
    "chains_ptm": {
        "0": 0.4654456079006195
    },
    "pair_chains_iptm": {
        "0": {
            "0": 0.4654456079006195
        }
    }
}