{
    "confidence_score": 0.4604349732398987,
    "ptm": 0.2833319306373596,
    "iptm": 0.0,
    "ligand_iptm": 0.0,
    "protein_iptm": 0.0,
    "complex_plddt": 0.5047107338905334,
    "complex_iplddt": 0.5047107338905334,
    "complex_pde": 2.300771474838257,
    "complex_ipde": 0.0,
    "chains_ptm": {
        "0": 0.2833319306373596
    },
    "pair_chains_iptm": {
        "0": {
            "0": 0.2833319306373596
        }
    }
}