{
    "confidence_score": 0.4799779951572418,
    "ptm": 0.47824880480766296,
    "iptm": 0.0,
    "ligand_iptm": 0.0,
    "protein_iptm": 0.0,
    "complex_plddt": 0.48041030764579773,
    "complex_iplddt": 0.48041030764579773,
    "complex_pde": 1.804548740386963,
    "complex_ipde": 0.0,
    "chains_ptm": {
        "0": 0.47824880480766296
    },
    "pair_chains_iptm": {
        "0": {
            "0": 0.47824880480766296
        }
    }
}