{
    "confidence_score": 0.45986104011535645,
    "ptm": 0.32493433356285095,
    "iptm": 0.0,
    "ligand_iptm": 0.0,
    "protein_iptm": 0.0,
    "complex_plddt": 0.4935927093029022,
    "complex_iplddt": 0.4935927093029022,
    "complex_pde": 2.192152500152588,
    "complex_ipde": 0.0,
    "chains_ptm": {
        "0": 0.32493433356285095
    },
    "pair_chains_iptm": {
        "0": {
            "0": 0.32493433356285095
        }
    }
}