{
    "confidence_score": 0.40059685707092285,
    "ptm": 0.24311098456382751,
    "iptm": 0.0,
    "ligand_iptm": 0.0,
    "protein_iptm": 0.0,
    "complex_plddt": 0.4399683475494385,
    "complex_iplddt": 0.4399683475494385,
    "complex_pde": 2.5257062911987305,
    "complex_ipde": 0.0,
    "chains_ptm": {
        "0": 0.24311098456382751
    },
    "pair_chains_iptm": {
        "0": {
            "0": 0.24311098456382751
        }
    }
}