{
    "confidence_score": 0.413912296295166,
    "ptm": 0.22951672971248627,
    "iptm": 0.0,
    "ligand_iptm": 0.0,
    "protein_iptm": 0.0,
    "complex_plddt": 0.46001118421554565,
    "complex_iplddt": 0.46001118421554565,
    "complex_pde": 2.57350754737854,
    "complex_ipde": 0.0,
    "chains_ptm": {
        "0": 0.22951672971248627
    },
    "pair_chains_iptm": {
        "0": {
            "0": 0.22951672971248627
        }
    }
}