{
    "confidence_score": 0.3236801326274872,
    "ptm": 0.24649332463741302,
    "iptm": 0.0,
    "ligand_iptm": 0.0,
    "protein_iptm": 0.0,
    "complex_plddt": 0.34297680854797363,
    "complex_iplddt": 0.34297680854797363,
    "complex_pde": 3.498593807220459,
    "complex_ipde": 0.0,
    "chains_ptm": {
        "0": 0.24649332463741302
    },
    "pair_chains_iptm": {
        "0": {
            "0": 0.24649332463741302
        }
    }
}