{
    "confidence_score": 0.31343480944633484,
    "ptm": 0.22099058330059052,
    "iptm": 0.0,
    "ligand_iptm": 0.0,
    "protein_iptm": 0.0,
    "complex_plddt": 0.3365458548069,
    "complex_iplddt": 0.3365458548069,
    "complex_pde": 3.4658446311950684,
    "complex_ipde": 0.0,
    "chains_ptm": {
        "0": 0.22099058330059052
    },
    "pair_chains_iptm": {
        "0": {
            "0": 0.22099058330059052
        }
    }
}