{
    "confidence_score": 0.3182295858860016,
    "ptm": 0.22740477323532104,
    "iptm": 0.0,
    "ligand_iptm": 0.0,
    "protein_iptm": 0.0,
    "complex_plddt": 0.3409357964992523,
    "complex_iplddt": 0.3409357964992523,
    "complex_pde": 3.244473457336426,
    "complex_ipde": 0.0,
    "chains_ptm": {
        "0": 0.22740477323532104
    },
    "pair_chains_iptm": {
        "0": {
            "0": 0.22740477323532104
        }
    }
}