{
    "confidence_score": 0.3259388506412506,
    "ptm": 0.21006272733211517,
    "iptm": 0.0,
    "ligand_iptm": 0.0,
    "protein_iptm": 0.0,
    "complex_plddt": 0.3549078702926636,
    "complex_iplddt": 0.3549078702926636,
    "complex_pde": 3.4075405597686768,
    "complex_ipde": 0.0,
    "chains_ptm": {
        "0": 0.21006272733211517
    },
    "pair_chains_iptm": {
        "0": {
            "0": 0.21006272733211517
        }
    }
}