{
    "confidence_score": 0.6036842465400696,
    "ptm": 0.44688302278518677,
    "iptm": 0.0,
    "ligand_iptm": 0.0,
    "protein_iptm": 0.0,
    "complex_plddt": 0.6428845524787903,
    "complex_iplddt": 0.6428845524787903,
    "complex_pde": 1.6834018230438232,
    "complex_ipde": 0.0,
    "chains_ptm": {
        "0": 0.44688302278518677
    },
    "pair_chains_iptm": {
        "0": {
            "0": 0.44688302278518677
        }
    }
}