{
    "confidence_score": 0.31243896484375,
    "ptm": 0.18319369852542877,
    "iptm": 0.0,
    "ligand_iptm": 0.0,
    "protein_iptm": 0.0,
    "complex_plddt": 0.3447502851486206,
    "complex_iplddt": 0.3447502851486206,
    "complex_pde": 4.3080058097839355,
    "complex_ipde": 0.0,
    "chains_ptm": {
        "0": 0.18319369852542877
    },
    "pair_chains_iptm": {
        "0": {
            "0": 0.18319369852542877
        }
    }
}