{
    "confidence_score": 0.35134363174438477,
    "ptm": 0.19687777757644653,
    "iptm": 0.0,
    "ligand_iptm": 0.0,
    "protein_iptm": 0.0,
    "complex_plddt": 0.3899601101875305,
    "complex_iplddt": 0.3899601101875305,
    "complex_pde": 3.3570022583007812,
    "complex_ipde": 0.0,
    "chains_ptm": {
        "0": 0.19687777757644653
    },
    "pair_chains_iptm": {
        "0": {
            "0": 0.19687777757644653
        }
    }
}