{
    "confidence_score": 0.35005828738212585,
    "ptm": 0.20191268622875214,
    "iptm": 0.0,
    "ligand_iptm": 0.0,
    "protein_iptm": 0.0,
    "complex_plddt": 0.3870947062969208,
    "complex_iplddt": 0.3870947062969208,
    "complex_pde": 3.400151252746582,
    "complex_ipde": 0.0,
    "chains_ptm": {
        "0": 0.20191268622875214
    },
    "pair_chains_iptm": {
        "0": {
            "0": 0.20191268622875214
        }
    }
}