{
    "confidence_score": 0.3521822988986969,
    "ptm": 0.1984182596206665,
    "iptm": 0.0,
    "ligand_iptm": 0.0,
    "protein_iptm": 0.0,
    "complex_plddt": 0.3906233012676239,
    "complex_iplddt": 0.3906233012676239,
    "complex_pde": 3.328702688217163,
    "complex_ipde": 0.0,
    "chains_ptm": {
        "0": 0.1984182596206665
    },
    "pair_chains_iptm": {
        "0": {
            "0": 0.1984182596206665
        }
    }
}