{
    "confidence_score": 0.3366920053958893,
    "ptm": 0.1898038685321808,
    "iptm": 0.0,
    "ligand_iptm": 0.0,
    "protein_iptm": 0.0,
    "complex_plddt": 0.3734140396118164,
    "complex_iplddt": 0.3734140396118164,
    "complex_pde": 3.531733751296997,
    "complex_ipde": 0.0,
    "chains_ptm": {
        "0": 0.1898038685321808
    },
    "pair_chains_iptm": {
        "0": {
            "0": 0.1898038685321808
        }
    }
}