{
    "confidence_score": 0.42733702063560486,
    "ptm": 0.32455578446388245,
    "iptm": 0.0,
    "ligand_iptm": 0.0,
    "protein_iptm": 0.0,
    "complex_plddt": 0.45303231477737427,
    "complex_iplddt": 0.45303231477737427,
    "complex_pde": 2.2362000942230225,
    "complex_ipde": 0.0,
    "chains_ptm": {
        "0": 0.32455578446388245
    },
    "pair_chains_iptm": {
        "0": {
            "0": 0.32455578446388245
        }
    }
}