{
    "confidence_score": 0.4623947739601135,
    "ptm": 0.3618714511394501,
    "iptm": 0.0,
    "ligand_iptm": 0.0,
    "protein_iptm": 0.0,
    "complex_plddt": 0.48752561211586,
    "complex_iplddt": 0.48752561211586,
    "complex_pde": 2.184678077697754,
    "complex_ipde": 0.0,
    "chains_ptm": {
        "0": 0.3618714511394501
    },
    "pair_chains_iptm": {
        "0": {
            "0": 0.3618714511394501
        }
    }
}