{
    "confidence_score": 0.45791226625442505,
    "ptm": 0.3656820058822632,
    "iptm": 0.0,
    "ligand_iptm": 0.0,
    "protein_iptm": 0.0,
    "complex_plddt": 0.4809698462486267,
    "complex_iplddt": 0.4809698462486267,
    "complex_pde": 2.1523587703704834,
    "complex_ipde": 0.0,
    "chains_ptm": {
        "0": 0.3656820058822632
    },
    "pair_chains_iptm": {
        "0": {
            "0": 0.3656820058822632
        }
    }
}