{
    "confidence_score": 0.43275555968284607,
    "ptm": 0.37512654066085815,
    "iptm": 0.0,
    "ligand_iptm": 0.0,
    "protein_iptm": 0.0,
    "complex_plddt": 0.44716283679008484,
    "complex_iplddt": 0.44716283679008484,
    "complex_pde": 2.0901007652282715,
    "complex_ipde": 0.0,
    "chains_ptm": {
        "0": 0.37512654066085815
    },
    "pair_chains_iptm": {
        "0": {
            "0": 0.37512654066085815
        }
    }
}