{
    "confidence_score": 0.4489620327949524,
    "ptm": 0.33788082003593445,
    "iptm": 0.0,
    "ligand_iptm": 0.0,
    "protein_iptm": 0.0,
    "complex_plddt": 0.4767323434352875,
    "complex_iplddt": 0.4767323434352875,
    "complex_pde": 2.344334363937378,
    "complex_ipde": 0.0,
    "chains_ptm": {
        "0": 0.33788082003593445
    },
    "pair_chains_iptm": {
        "0": {
            "0": 0.33788082003593445
        }
    }
}