{
    "confidence_score": 0.43074584007263184,
    "ptm": 0.3272972106933594,
    "iptm": 0.0,
    "ligand_iptm": 0.0,
    "protein_iptm": 0.0,
    "complex_plddt": 0.45660799741744995,
    "complex_iplddt": 0.45660799741744995,
    "complex_pde": 2.535891532897949,
    "complex_ipde": 0.0,
    "chains_ptm": {
        "0": 0.3272972106933594
    },
    "pair_chains_iptm": {
        "0": {
            "0": 0.3272972106933594
        }
    }
}