{
    "confidence_score": 0.428566038608551,
    "ptm": 0.3277016580104828,
    "iptm": 0.0,
    "ligand_iptm": 0.0,
    "protein_iptm": 0.0,
    "complex_plddt": 0.4537821114063263,
    "complex_iplddt": 0.4537821114063263,
    "complex_pde": 2.4953408241271973,
    "complex_ipde": 0.0,
    "chains_ptm": {
        "0": 0.3277016580104828
    },
    "pair_chains_iptm": {
        "0": {
            "0": 0.3277016580104828
        }
    }
}