{
    "confidence_score": 0.41969186067581177,
    "ptm": 0.3118591010570526,
    "iptm": 0.0,
    "ligand_iptm": 0.0,
    "protein_iptm": 0.0,
    "complex_plddt": 0.44665005803108215,
    "complex_iplddt": 0.44665005803108215,
    "complex_pde": 2.540370225906372,
    "complex_ipde": 0.0,
    "chains_ptm": {
        "0": 0.3118591010570526
    },
    "pair_chains_iptm": {
        "0": {
            "0": 0.3118591010570526
        }
    }
}