{
    "confidence_score": 0.4163784682750702,
    "ptm": 0.29606273770332336,
    "iptm": 0.0,
    "ligand_iptm": 0.0,
    "protein_iptm": 0.0,
    "complex_plddt": 0.4464573562145233,
    "complex_iplddt": 0.4464573562145233,
    "complex_pde": 2.3128294944763184,
    "complex_ipde": 0.0,
    "chains_ptm": {
        "0": 0.29606273770332336
    },
    "pair_chains_iptm": {
        "0": {
            "0": 0.29606273770332336
        }
    }
}