{
    "confidence_score": 0.43838047981262207,
    "ptm": 0.32642537355422974,
    "iptm": 0.0,
    "ligand_iptm": 0.0,
    "protein_iptm": 0.0,
    "complex_plddt": 0.46636927127838135,
    "complex_iplddt": 0.46636927127838135,
    "complex_pde": 2.1939873695373535,
    "complex_ipde": 0.0,
    "chains_ptm": {
        "0": 0.32642537355422974
    },
    "pair_chains_iptm": {
        "0": {
            "0": 0.32642537355422974
        }
    }
}