{
    "confidence_score": 0.43929585814476013,
    "ptm": 0.23767130076885223,
    "iptm": 0.0,
    "ligand_iptm": 0.0,
    "protein_iptm": 0.0,
    "complex_plddt": 0.4897020161151886,
    "complex_iplddt": 0.4897020161151886,
    "complex_pde": 2.356513023376465,
    "complex_ipde": 0.0,
    "chains_ptm": {
        "0": 0.23767130076885223
    },
    "pair_chains_iptm": {
        "0": {
            "0": 0.23767130076885223
        }
    }
}