{
    "confidence_score": 0.4054534137248993,
    "ptm": 0.24821534752845764,
    "iptm": 0.0,
    "ligand_iptm": 0.0,
    "protein_iptm": 0.0,
    "complex_plddt": 0.4447629153728485,
    "complex_iplddt": 0.4447629153728485,
    "complex_pde": 2.54233980178833,
    "complex_ipde": 0.0,
    "chains_ptm": {
        "0": 0.24821534752845764
    },
    "pair_chains_iptm": {
        "0": {
            "0": 0.24821534752845764
        }
    }
}