{
    "confidence_score": 0.4034743905067444,
    "ptm": 0.2633935809135437,
    "iptm": 0.0,
    "ligand_iptm": 0.0,
    "protein_iptm": 0.0,
    "complex_plddt": 0.43849456310272217,
    "complex_iplddt": 0.43849456310272217,
    "complex_pde": 2.6016452312469482,
    "complex_ipde": 0.0,
    "chains_ptm": {
        "0": 0.2633935809135437
    },
    "pair_chains_iptm": {
        "0": {
            "0": 0.2633935809135437
        }
    }
}