{
    "confidence_score": 0.45145758986473083,
    "ptm": 0.3122144341468811,
    "iptm": 0.0,
    "ligand_iptm": 0.0,
    "protein_iptm": 0.0,
    "complex_plddt": 0.48626837134361267,
    "complex_iplddt": 0.48626837134361267,
    "complex_pde": 2.011155366897583,
    "complex_ipde": 0.0,
    "chains_ptm": {
        "0": 0.3122144341468811
    },
    "pair_chains_iptm": {
        "0": {
            "0": 0.3122144341468811
        }
    }
}