{
    "confidence_score": 0.45690399408340454,
    "ptm": 0.4659515917301178,
    "iptm": 0.0,
    "ligand_iptm": 0.0,
    "protein_iptm": 0.0,
    "complex_plddt": 0.45464208722114563,
    "complex_iplddt": 0.45464208722114563,
    "complex_pde": 1.6270939111709595,
    "complex_ipde": 0.0,
    "chains_ptm": {
        "0": 0.4659515917301178
    },
    "pair_chains_iptm": {
        "0": {
            "0": 0.4659515917301178
        }
    }
}