{
    "confidence_score": 0.43080878257751465,
    "ptm": 0.2940497100353241,
    "iptm": 0.0,
    "ligand_iptm": 0.0,
    "protein_iptm": 0.0,
    "complex_plddt": 0.4649985432624817,
    "complex_iplddt": 0.4649985432624817,
    "complex_pde": 2.093799591064453,
    "complex_ipde": 0.0,
    "chains_ptm": {
        "0": 0.2940497100353241
    },
    "pair_chains_iptm": {
        "0": {
            "0": 0.2940497100353241
        }
    }
}