{
    "confidence_score": 0.4586811065673828,
    "ptm": 0.31697240471839905,
    "iptm": 0.0,
    "ligand_iptm": 0.0,
    "protein_iptm": 0.0,
    "complex_plddt": 0.49410828948020935,
    "complex_iplddt": 0.49410828948020935,
    "complex_pde": 2.029414653778076,
    "complex_ipde": 0.0,
    "chains_ptm": {
        "0": 0.31697240471839905
    },
    "pair_chains_iptm": {
        "0": {
            "0": 0.31697240471839905
        }
    }
}