{
    "confidence_score": 0.5456478595733643,
    "ptm": 0.4233296811580658,
    "iptm": 0.0,
    "ligand_iptm": 0.0,
    "protein_iptm": 0.0,
    "complex_plddt": 0.5762274265289307,
    "complex_iplddt": 0.5762274265289307,
    "complex_pde": 1.9362478256225586,
    "complex_ipde": 0.0,
    "chains_ptm": {
        "0": 0.4233296811580658
    },
    "pair_chains_iptm": {
        "0": {
            "0": 0.4233296811580658
        }
    }
}