{
    "confidence_score": 0.5574652552604675,
    "ptm": 0.44946134090423584,
    "iptm": 0.0,
    "ligand_iptm": 0.0,
    "protein_iptm": 0.0,
    "complex_plddt": 0.5844662189483643,
    "complex_iplddt": 0.5844662189483643,
    "complex_pde": 1.9261367321014404,
    "complex_ipde": 0.0,
    "chains_ptm": {
        "0": 0.44946134090423584
    },
    "pair_chains_iptm": {
        "0": {
            "0": 0.44946134090423584
        }
    }
}