{
    "confidence_score": 0.5534176230430603,
    "ptm": 0.4285513758659363,
    "iptm": 0.0,
    "ligand_iptm": 0.0,
    "protein_iptm": 0.0,
    "complex_plddt": 0.5846341848373413,
    "complex_iplddt": 0.5846341848373413,
    "complex_pde": 1.9724204540252686,
    "complex_ipde": 0.0,
    "chains_ptm": {
        "0": 0.4285513758659363
    },
    "pair_chains_iptm": {
        "0": {
            "0": 0.4285513758659363
        }
    }
}