{
    "confidence_score": 0.5779277682304382,
    "ptm": 0.7587339878082275,
    "iptm": 0.0,
    "ligand_iptm": 0.0,
    "protein_iptm": 0.0,
    "complex_plddt": 0.5327261686325073,
    "complex_iplddt": 0.5327261686325073,
    "complex_pde": 0.9409555792808533,
    "complex_ipde": 0.0,
    "chains_ptm": {
        "0": 0.7587339878082275
    },
    "pair_chains_iptm": {
        "0": {
            "0": 0.7587339878082275
        }
    }
}