{
    "confidence_score": 0.45730146765708923,
    "ptm": 0.33979490399360657,
    "iptm": 0.0,
    "ligand_iptm": 0.0,
    "protein_iptm": 0.0,
    "complex_plddt": 0.4866780936717987,
    "complex_iplddt": 0.4866780936717987,
    "complex_pde": 2.16837739944458,
    "complex_ipde": 0.0,
    "chains_ptm": {
        "0": 0.33979490399360657
    },
    "pair_chains_iptm": {
        "0": {
            "0": 0.33979490399360657
        }
    }
}