{
    "confidence_score": 0.4912585914134979,
    "ptm": 0.3829856812953949,
    "iptm": 0.0,
    "ligand_iptm": 0.0,
    "protein_iptm": 0.0,
    "complex_plddt": 0.5183268189430237,
    "complex_iplddt": 0.5183268189430237,
    "complex_pde": 1.9615442752838135,
    "complex_ipde": 0.0,
    "chains_ptm": {
        "0": 0.3829856812953949
    },
    "pair_chains_iptm": {
        "0": {
            "0": 0.3829856812953949
        }
    }
}