{
    "confidence_score": 0.44548675417900085,
    "ptm": 0.39464032649993896,
    "iptm": 0.0,
    "ligand_iptm": 0.0,
    "protein_iptm": 0.0,
    "complex_plddt": 0.45819833874702454,
    "complex_iplddt": 0.45819833874702454,
    "complex_pde": 2.5249717235565186,
    "complex_ipde": 0.0,
    "chains_ptm": {
        "0": 0.39464032649993896
    },
    "pair_chains_iptm": {
        "0": {
            "0": 0.39464032649993896
        }
    }
}