{
    "confidence_score": 0.4380926191806793,
    "ptm": 0.3620615005493164,
    "iptm": 0.0,
    "ligand_iptm": 0.0,
    "protein_iptm": 0.0,
    "complex_plddt": 0.45710042119026184,
    "complex_iplddt": 0.45710042119026184,
    "complex_pde": 2.4646494388580322,
    "complex_ipde": 0.0,
    "chains_ptm": {
        "0": 0.3620615005493164
    },
    "pair_chains_iptm": {
        "0": {
            "0": 0.3620615005493164
        }
    }
}