{
    "confidence_score": 0.3617715537548065,
    "ptm": 0.20335164666175842,
    "iptm": 0.0,
    "ligand_iptm": 0.0,
    "protein_iptm": 0.0,
    "complex_plddt": 0.40137654542922974,
    "complex_iplddt": 0.40137654542922974,
    "complex_pde": 3.305047035217285,
    "complex_ipde": 0.0,
    "chains_ptm": {
        "0": 0.20335164666175842
    },
    "pair_chains_iptm": {
        "0": {
            "0": 0.20335164666175842
        }
    }
}