{
    "confidence_score": 0.37871044874191284,
    "ptm": 0.2637801468372345,
    "iptm": 0.0,
    "ligand_iptm": 0.0,
    "protein_iptm": 0.0,
    "complex_plddt": 0.40744301676750183,
    "complex_iplddt": 0.40744301676750183,
    "complex_pde": 3.058710813522339,
    "complex_ipde": 0.0,
    "chains_ptm": {
        "0": 0.2637801468372345
    },
    "pair_chains_iptm": {
        "0": {
            "0": 0.2637801468372345
        }
    }
}