{
    "confidence_score": 0.3727411925792694,
    "ptm": 0.22557394206523895,
    "iptm": 0.0,
    "ligand_iptm": 0.0,
    "protein_iptm": 0.0,
    "complex_plddt": 0.40953299403190613,
    "complex_iplddt": 0.40953299403190613,
    "complex_pde": 3.2232158184051514,
    "complex_ipde": 0.0,
    "chains_ptm": {
        "0": 0.22557394206523895
    },
    "pair_chains_iptm": {
        "0": {
            "0": 0.22557394206523895
        }
    }
}