{
    "confidence_score": 0.34299272298812866,
    "ptm": 0.2294735163450241,
    "iptm": 0.0,
    "ligand_iptm": 0.0,
    "protein_iptm": 0.0,
    "complex_plddt": 0.3713725209236145,
    "complex_iplddt": 0.3713725209236145,
    "complex_pde": 3.3762779235839844,
    "complex_ipde": 0.0,
    "chains_ptm": {
        "0": 0.2294735163450241
    },
    "pair_chains_iptm": {
        "0": {
            "0": 0.2294735163450241
        }
    }
}