{
    "confidence_score": 0.3841078579425812,
    "ptm": 0.23343178629875183,
    "iptm": 0.0,
    "ligand_iptm": 0.0,
    "protein_iptm": 0.0,
    "complex_plddt": 0.4217768609523773,
    "complex_iplddt": 0.4217768609523773,
    "complex_pde": 2.936730146408081,
    "complex_ipde": 0.0,
    "chains_ptm": {
        "0": 0.23343178629875183
    },
    "pair_chains_iptm": {
        "0": {
            "0": 0.23343178629875183
        }
    }
}