{
    "confidence_score": 0.3936341106891632,
    "ptm": 0.21964266896247864,
    "iptm": 0.0,
    "ligand_iptm": 0.0,
    "protein_iptm": 0.0,
    "complex_plddt": 0.43713197112083435,
    "complex_iplddt": 0.43713197112083435,
    "complex_pde": 2.9156429767608643,
    "complex_ipde": 0.0,
    "chains_ptm": {
        "0": 0.21964266896247864
    },
    "pair_chains_iptm": {
        "0": {
            "0": 0.21964266896247864
        }
    }
}