{
    "confidence_score": 0.412257581949234,
    "ptm": 0.2514090836048126,
    "iptm": 0.0,
    "ligand_iptm": 0.0,
    "protein_iptm": 0.0,
    "complex_plddt": 0.45246967673301697,
    "complex_iplddt": 0.45246967673301697,
    "complex_pde": 2.7684199810028076,
    "complex_ipde": 0.0,
    "chains_ptm": {
        "0": 0.2514090836048126
    },
    "pair_chains_iptm": {
        "0": {
            "0": 0.2514090836048126
        }
    }
}