{
    "confidence_score": 0.4056093692779541,
    "ptm": 0.22520187497138977,
    "iptm": 0.0,
    "ligand_iptm": 0.0,
    "protein_iptm": 0.0,
    "complex_plddt": 0.4507112503051758,
    "complex_iplddt": 0.4507112503051758,
    "complex_pde": 2.77272891998291,
    "complex_ipde": 0.0,
    "chains_ptm": {
        "0": 0.22520187497138977
    },
    "pair_chains_iptm": {
        "0": {
            "0": 0.22520187497138977
        }
    }
}