{
    "confidence_score": 0.4179026782512665,
    "ptm": 0.2795504927635193,
    "iptm": 0.0,
    "ligand_iptm": 0.0,
    "protein_iptm": 0.0,
    "complex_plddt": 0.4524906873703003,
    "complex_iplddt": 0.4524906873703003,
    "complex_pde": 2.247722625732422,
    "complex_ipde": 0.0,
    "chains_ptm": {
        "0": 0.2795504927635193
    },
    "pair_chains_iptm": {
        "0": {
            "0": 0.2795504927635193
        }
    }
}