{
    "confidence_score": 0.3970802128314972,
    "ptm": 0.2583933174610138,
    "iptm": 0.0,
    "ligand_iptm": 0.0,
    "protein_iptm": 0.0,
    "complex_plddt": 0.43175193667411804,
    "complex_iplddt": 0.43175193667411804,
    "complex_pde": 2.433161973953247,
    "complex_ipde": 0.0,
    "chains_ptm": {
        "0": 0.2583933174610138
    },
    "pair_chains_iptm": {
        "0": {
            "0": 0.2583933174610138
        }
    }
}