{
    "confidence_score": 0.38164186477661133,
    "ptm": 0.20907826721668243,
    "iptm": 0.0,
    "ligand_iptm": 0.0,
    "protein_iptm": 0.0,
    "complex_plddt": 0.42478275299072266,
    "complex_iplddt": 0.42478275299072266,
    "complex_pde": 2.4823756217956543,
    "complex_ipde": 0.0,
    "chains_ptm": {
        "0": 0.20907826721668243
    },
    "pair_chains_iptm": {
        "0": {
            "0": 0.20907826721668243
        }
    }
}