{
    "confidence_score": 0.42203059792518616,
    "ptm": 0.26780685782432556,
    "iptm": 0.0,
    "ligand_iptm": 0.0,
    "protein_iptm": 0.0,
    "complex_plddt": 0.4605865478515625,
    "complex_iplddt": 0.4605865478515625,
    "complex_pde": 2.321425437927246,
    "complex_ipde": 0.0,
    "chains_ptm": {
        "0": 0.26780685782432556
    },
    "pair_chains_iptm": {
        "0": {
            "0": 0.26780685782432556
        }
    }
}